Team,Year,Column1,Column2,Column3,Column4,Column5,Column6,Column7,Column8,Column9,Column10,Column11,Column12,Column13,Column14,Column15,Column16,Column17,Column18,Column19,Column20
ATL,2021,,G,MP,FG,FGA,FG%,3P,3PA,3P%,2P,2PA,2P%,FT,FTA,FT%,ORB,DRB,TRB,AST,STL,BLK,TOV,PF,PTS
ATL,2021,Team,72,17405,2937,6281,.468,895,2402,.373,2042,3879,.526,1417,1745,.812,760,2525,3285,1737,503,342,953,1392,8186
ATL,2021,Team/G,,241.7,40.8,87.2,.468,12.4,33.4,.373,28.4,53.9,.526,19.7,24.2,.812,10.6,35.1,45.6,24.1,7.0,4.8,13.2,19.3,113.7
ATL,2021,Lg Rank,,11,19,23,17,17,19,12,15,15,19,2,4,5,7,10,5,19,24,17,9,18,13
ATL,2021,Year/Year,,-0.5%,0.4%,-3.7%,+.019,3.5%,-7.5%,+.039,-0.9%,-1.1%,+.001,6.6%,3.7%,+.022,7.0%,5.0%,5.5%,0.7%,-10.5%,-6.7%,-18.3%,-16.3%,1.7%
ATL,2021,Opponent,72,17405,2971,6418,.463,858,2460,.349,2113,3958,.534,1219,1519,.803,719,2352,3071,1754,557,363,886,1422,8019
ATL,2021,Opponent/G,,241.7,41.3,89.1,.463,11.9,34.2,.349,29.3,55.0,.534,16.9,21.1,.803,10.0,32.7,42.7,24.4,7.7,5.0,12.3,19.8,111.4
ATL,2021,Lg Rank,,11,14,19,12,9,14,3,20,21,16,14,12,30,21,4,8,11,21,17,29,9,12
ATL,2021,Year/Year,,-0.5%,-4.8%,-1.7%,-.015,0.2%,4.3%,-.014,-6.6%,-5.2%,-.008,-20.1%,-23.1%,+.031,-10.6%,-8.9%,-9.3%,-2.5%,-13.6%,-21.1%,-18.0%,-5.8%,-7.0%
BOS,2021,,G,MP,FG,FGA,FG%,3P,3PA,3P%,2P,2PA,2P%,FT,FTA,FT%,ORB,DRB,TRB,AST,STL,BLK,TOV,PF,PTS
BOS,2021,Team,72,17380,2985,6401,.466,979,2618,.374,2006,3783,.530,1160,1496,.775,765,2421,3186,1689,556,383,1012,1471,8109
BOS,2021,Team/G,,241.4,41.5,88.9,.466,13.6,36.4,.374,27.9,52.5,.530,16.1,20.8,.775,10.6,33.6,44.3,23.5,7.7,5.3,14.1,20.4,112.6
BOS,2021,Lg Rank,,16,13,11,19,11,10,10,16,20,17,25,25,16,4,22,15,25,13,6,16,24,16
BOS,2021,Year/Year,,-0.3%,0.5%,-0.7%,+.006,8.2%,5.3%,+.010,-2.9%,-4.5%,+.009,-13.2%,-10.3%,-.026,-0.4%,-5.0%,-3.9%,2.1%,-6.6%,-5.7%,1.7%,-5.3%,-0.9%
BOS,2021,Opponent,72,17380,2875,6191,.464,925,2473,.374,1950,3718,.524,1329,1692,.785,677,2382,3059,1732,531,334,1015,1389,8004
BOS,2021,Opponent/G,,241.4,39.9,86.0,.464,12.8,34.3,.374,27.1,51.6,.524,18.5,23.5,.785,9.4,33.1,42.5,24.1,7.4,4.6,14.1,19.3,111.2
BOS,2021,Lg Rank,,16,6,4,14,16,15,22,6,7,10,26,25,22,7,7,6,9,10,11,13,13,11
BOS,2021,Year/Year,,-0.3%,4.0%,-1.2%,+.023,8.7%,-1.2%,+.034,1.9%,-1.2%,+.016,-1.6%,-3.9%,+.019,-8.9%,-2.7%,-4.2%,7.4%,3.3%,-15.7%,-7.5%,-6.6%,3.6%
BRK,2021,,G,MP,FG,FGA,FG%,3P,3PA,3P%,2P,2PA,2P%,FT,FTA,FT%,ORB,DRB,TRB,AST,STL,BLK,TOV,PF,PTS
BRK,2021,Team,72,17405,3106,6289,.494,1020,2600,.392,2086,3689,.565,1305,1623,.804,640,2559,3199,1929,484,379,975,1371,8537
BRK,2021,Team/G,,241.7,43.1,87.3,.494,14.2,36.1,.392,29.0,51.2,.565,18.1,22.5,.804,8.9,35.5,44.4,26.8,6.7,5.3,13.5,19.0,118.6
BRK,2021,Lg Rank,,11,6,21,1,7,12,2,13,22,1,5,8,6,27,5,14,7,27,7,13,13,2
BRK,2021,Year/Year,,-0.4%,6.8%,-3.2%,+.046,8.4%,-5.3%,+.050,6.0%,-1.7%,+.041,1.1%,-6.3%,+.059,-16.4%,-4.6%,-7.2%,9.5%,4.3%,17.3%,-11.3%,-9.2%,6.1%
BRK,2021,Opponent,72,17405,3017,6573,.459,951,2607,.365,2066,3966,.521,1228,1584,.775,753,2348,3101,1729,550,330,908,1361,8213
BRK,2021,Opponent/G,,241.7,41.9,91.3,.459,13.2,36.2,.365,28.7,55.1,.521,17.1,22.0,.775,10.5,32.6,43.1,24.0,7.6,4.6,12.6,18.9,114.1
BRK,2021,Lg Rank,,11,20,25,7,22,23,14,16,22,6,16,14,11,26,3,12,8,16,9,26,18,21
BRK,2021,Year/Year,,-0.4%,1.2%,-1.7%,+.013,8.4%,4.1%,+.015,-1.8%,-5.2%,+.018,-1.8%,-2.5%,+.006,-1.7%,-7.6%,-6.2%,6.1%,-0.7%,-12.9%,-1.2%,-10.5%,1.5%
CHO,2021,,G,MP,FG,FGA,FG%,3P,3PA,3P%,2P,2PA,2P%,FT,FTA,FT%,ORB,DRB,TRB,AST,STL,BLK,TOV,PF,PTS
CHO,2021,Team,72,17355,2875,6324,.455,985,2666,.369,1890,3658,.517,1146,1505,.761,762,2389,3151,1933,565,344,1069,1298,7881
CHO,2021,Team/G,,241.0,39.9,87.8,.455,13.7,37.0,.369,26.3,50.8,.517,15.9,20.9,.761,10.6,33.2,43.8,26.8,7.8,4.8,14.8,18.0,109.5
CHO,2021,Lg Rank,,19,22,20,22,10,9,14,26,23,22,26,24,21,6,25,19,5,10,16,24,5,23
CHO,2021,Year/Year,,-0.5%,7.0%,2.2%,+.020,13.3%,7.9%,+.018,4.0%,-1.6%,+.028,-1.7%,-3.4%,+.013,-3.8%,4.4%,2.3%,12.7%,19.2%,15.9%,1.7%,-4.2%,6.4%
CHO,2021,Opponent,72,17355,2972,6346,.468,1042,2847,.366,1930,3499,.552,1034,1387,.745,766,2487,3253,1951,582,347,1062,1340,8020
CHO,2021,Opponent/G,,241.0,41.3,88.1,.468,14.5,39.5,.366,26.8,48.6,.552,14.4,19.3,.745,10.6,34.5,45.2,27.1,8.1,4.8,14.8,18.6,111.4
CHO,2021,Lg Rank,,19,15,14,17,28,30,17,4,3,30,1,3,1,27,18,19,30,24,14,9,21,13
CHO,2021,Year/Year,,-0.5%,-0.9%,0.7%,-.008,17.1%,12.8%,+.014,-8.5%,-7.4%,-.007,2.9%,4.6%,-.012,-2.7%,-1.4%,-1.7%,1.7%,0.5%,-4.5%,2.5%,-9.5%,1.6%
CHI,2021,,G,MP,FG,FGA,FG%,3P,3PA,3P%,2P,2PA,2P%,FT,FTA,FT%,ORB,DRB,TRB,AST,STL,BLK,TOV,PF,PTS
CHI,2021,Team,72,17380,3035,6380,.476,904,2446,.370,2131,3934,.542,995,1258,.791,693,2544,3237,1927,482,304,1089,1362,7969
CHI,2021,Team/G,,241.4,42.2,88.6,.476,12.6,34.0,.370,29.6,54.6,.542,13.8,17.5,.791,9.6,35.3,45.0,26.8,6.7,4.2,15.1,18.9,110.7
CHI,2021,Lg Rank,,16,10,14,9,16,17,13,11,14,10,30,30,11,19,8,11,8,28,27,27,10,21
CHI,2021,Year/Year,,0.1%,6.5%,-0.0%,+.029,2.9%,-3.2%,+.022,8.1%,2.1%,+.030,-10.7%,-14.7%,+.036,-8.0%,12.5%,7.4%,15.2%,-33.3%,3.6%,-2.2%,-13.2%,3.6%
CHI,2021,Opponent,72,17380,2983,6313,.473,829,2328,.356,2154,3985,.541,1238,1600,.774,624,2410,3034,1737,614,364,917,1277,8033
CHI,2021,Opponent/G,,241.4,41.4,87.7,.473,11.5,32.3,.356,29.9,55.3,.541,17.2,22.2,.774,8.7,33.5,42.1,24.1,8.5,5.1,12.7,17.7,111.6
CHI,2021,Lg Rank,,16,17,13,23,5,5,7,24,23,23,18,18,10,1,12,5,10,29,18,24,30,14
CHI,2021,Year/Year,,0.1%,4.9%,6.2%,-.006,3.1%,2.2%,+.003,5.6%,8.8%,-.016,-12.9%,-14.6%,+.015,-14.6%,-5.4%,-7.4%,-5.1%,4.6%,-14.4%,-30.3%,-7.5%,1.5%
CLE,2021,,G,MP,FG,FGA,FG%,3P,3PA,3P%,2P,2PA,2P%,FT,FTA,FT%,ORB,DRB,TRB,AST,STL,BLK,TOV,PF,PTS
CLE,2021,Team,72,17430,2778,6175,.450,720,2141,.336,2058,4034,.510,1200,1614,.743,751,2327,3078,1716,559,325,1114,1308,7476
CLE,2021,Team/G,,242.1,38.6,85.8,.450,10.0,29.7,.336,28.6,56.0,.510,16.7,22.4,.743,10.4,32.3,42.8,23.8,7.8,4.5,15.5,18.2,103.8
CLE,2021,Lg Rank,,6,29,28,25,29,28,30,14,9,26,14,9,26,10,28,24,21,12,20,29,7,30
CLE,2021,Year/Year,,0.1%,-4.2%,-2.5%,-.008,-10.6%,-6.6%,-.015,-1.8%,-0.1%,-.009,10.2%,12.4%,-.015,-3.7%,-3.3%,-3.4%,3.3%,12.9%,39.1%,-6.3%,-0.6%,-2.9%
CLE,2021,Opponent,72,17430,3024,6245,.484,893,2334,.383,2131,3911,.545,1143,1468,.779,712,2437,3149,1828,613,425,1033,1451,8084
CLE,2021,Opponent/G,,242.1,42.0,86.7,.484,12.4,32.4,.383,29.6,54.3,.545,15.9,20.4,.779,9.9,33.8,43.7,25.4,8.5,5.9,14.3,20.2,112.3
CLE,2021,Lg Rank,,6,21,8,29,13,6,28,21,18,27,8,7,16,17,14,14,20,28,29,12,6,17
CLE,2021,Year/Year,,0.1%,-4.2%,-3.0%,-.006,0.3%,-1.7%,+.007,-6.0%,-3.7%,-.013,8.0%,6.4%,+.012,1.5%,2.1%,2.0%,-2.9%,-9.7%,-6.9%,10.5%,2.6%,-2.2%
DAL,2021,,G,MP,FG,FGA,FG%,3P,3PA,3P%,2P,2PA,2P%,FT,FTA,FT%,ORB,DRB,TRB,AST,STL,BLK,TOV,PF,PTS
DAL,2021,Team,72,17305,2958,6287,.470,994,2744,.362,1964,3543,.554,1186,1524,.778,657,2463,3120,1647,450,311,869,1396,8096
DAL,2021,Team/G,,240.3,41.1,87.3,.470,13.8,38.1,.362,27.3,49.2,.554,16.5,21.2,.778,9.1,34.2,43.3,22.9,6.3,4.3,12.1,19.4,112.4
DAL,2021,Lg Rank,,24,18,22,13,8,6,18,21,27,3,18,20,15,25,17,21,26,30,26,3,19,17
DAL,2021,Year/Year,,-0.8%,-1.4%,-3.3%,+.009,-8.9%,-7.6%,-.005,2.9%,0.4%,+.014,-11.2%,-11.2%,-.001,-13.5%,-6.0%,-7.7%,-7.2%,1.9%,-10.8%,-5.0%,-0.5%,-3.9%
DAL,2021,Opponent,72,17305,2885,6269,.460,925,2537,.365,1960,3732,.525,1238,1621,.764,704,2460,3164,1631,527,264,908,1446,7933
DAL,2021,Opponent/G,,240.3,40.1,87.1,.460,12.8,35.2,.365,27.2,51.8,.525,17.2,22.5,.764,9.8,34.2,43.9,22.7,7.3,3.7,12.6,20.1,110.2
DAL,2021,Lg Rank,,24,8,12,9,16,20,13,7,8,12,18,20,5,12,15,15,2,9,2,26,7,9
DAL,2021,Year/Year,,-0.8%,-4.4%,-4.9%,+.003,4.8%,1.1%,+.013,-8.2%,-8.6%,+.002,7.5%,7.0%,+.003,-6.2%,-2.4%,-3.3%,-5.3%,4.6%,-11.6%,5.6%,-5.9%,-1.7%
DEN,2021,,G,MP,FG,FGA,FG%,3P,3PA,3P%,2P,2PA,2P%,FT,FTA,FT%,ORB,DRB,TRB,AST,STL,BLK,TOV,PF,PTS
DEN,2021,Team,72,17480,3114,6422,.485,927,2462,.377,2187,3960,.552,1129,1406,.803,758,2442,3200,1933,582,323,972,1374,8284
DEN,2021,Team/G,,242.8,43.3,89.2,.485,12.9,34.2,.377,30.4,55.0,.552,15.7,19.5,.803,10.5,33.9,44.4,26.8,8.1,4.5,13.5,19.1,115.1
DEN,2021,Lg Rank,,1,4,9,4,15,16,8,7,11,6,27,27,7,8,19,13,5,8,21,12,14,8
DEN,2021,Year/Year,,-0.1%,2.9%,0.4%,+.012,17.3%,11.7%,+.018,-2.2%,-5.6%,+.019,-3.4%,-6.6%,+.026,-2.2%,1.6%,0.7%,0.4%,0.7%,-2.8%,-1.9%,-6.2%,3.4%
DEN,2021,Opponent,72,17480,2883,6149,.469,934,2570,.363,1949,3579,.545,1229,1589,.773,652,2314,2966,1864,540,325,1014,1379,7929
DEN,2021,Opponent/G,,242.8,40.0,85.4,.469,13.0,35.7,.363,27.1,49.7,.545,17.1,22.1,.773,9.1,32.1,41.2,25.9,7.5,4.5,14.1,19.2,110.1
DEN,2021,Lg Rank,,1,7,3,18,20,22,11,5,4,26,17,16,9,4,2,1,24,12,7,14,15,8
DEN,2021,Year/Year,,-0.1%,0.1%,-1.2%,+.006,7.0%,5.4%,+.006,-2.8%,-5.5%,+.015,-0.1%,-1.9%,+.014,-10.2%,-1.3%,-3.4%,2.0%,4.3%,1.7%,-1.2%,-6.4%,0.9%
DET,2021,,G,MP,FG,FGA,FG%,3P,3PA,3P%,2P,2PA,2P%,FT,FTA,FT%,ORB,DRB,TRB,AST,STL,BLK,TOV,PF,PTS
DET,2021,Team,72,17430,2783,6162,.452,832,2370,.351,1951,3792,.515,1278,1683,.759,694,2381,3075,1743,531,371,1075,1477,7676
DET,2021,Team/G,,242.1,38.7,85.6,.452,11.6,32.9,.351,27.1,52.7,.515,17.8,23.4,.759,9.6,33.1,42.7,24.2,7.4,5.2,14.9,20.5,106.6
DET,2021,Lg Rank,,6,28,29,24,22,21,22,22,19,23,7,5,24,18,26,25,18,17,8,25,26,27
DET,2021,Year/Year,,0.1%,-1.7%,-0.2%,-.007,-3.6%,0.7%,-.016,-0.9%,-0.7%,-.001,6.8%,4.5%,+.016,-1.2%,3.5%,2.4%,0.6%,-0.7%,13.7%,-2.2%,4.2%,-0.6%
DET,2021,Opponent,72,17430,2980,6260,.476,817,2260,.362,2163,4000,.541,1221,1607,.760,717,2475,3192,1785,578,419,1004,1469,7998
DET,2021,Opponent/G,,242.1,41.4,86.9,.476,11.3,31.4,.362,30.0,55.6,.541,17.0,22.3,.760,10.0,34.4,44.3,24.8,8.0,5.8,13.9,20.4,111.1
DET,2021,Lg Rank,,6,16,11,26,2,1,10,26,24,24,15,19,3,19,16,17,15,23,28,15,5,10
DET,2021,Year/Year,,0.1%,-1.3%,-0.4%,-.004,6.2%,6.1%,+.000,-3.9%,-3.8%,-.000,4.4%,6.8%,-.018,-1.6%,2.9%,1.9%,0.7%,-2.4%,4.1%,-0.3%,2.9%,0.3%
GSW,2021,,G,MP,FG,FGA,FG%,3P,3PA,3P%,2P,2PA,2P%,FT,FTA,FT%,ORB,DRB,TRB,AST,STL,BLK,TOV,PF,PTS
GSW,2021,Team,72,17305,2973,6347,.468,1048,2789,.376,1925,3558,.541,1193,1520,.785,574,2524,3098,1991,587,342,1080,1526,8187
GSW,2021,Team/G,,240.3,41.3,88.2,.468,14.6,38.7,.376,26.7,49.4,.541,16.6,21.1,.785,8.0,35.1,43.0,27.7,8.2,4.8,15.0,21.2,113.7
GSW,2021,Lg Rank,,24,15,17,14,3,5,9,24,25,11,16,21,13,30,12,22,1,6,17,26,28,12
GSW,2021,Year/Year,,-0.7%,6.9%,-0.0%,+.030,39.5%,23.9%,+.042,-5.1%,-13.1%,+.046,-11.3%,-9.2%,-.019,-19.9%,6.6%,0.4%,8.1%,-0.8%,3.3%,0.6%,5.6%,6.9%
GSW,2021,Opponent,72,17305,2897,6408,.452,891,2481,.359,2006,3927,.511,1426,1834,.778,769,2635,3404,1711,567,312,1083,1406,8111
GSW,2021,Opponent/G,,240.3,40.2,89.0,.452,12.4,34.5,.359,27.9,54.5,.511,19.8,25.5,.778,10.7,36.6,47.3,23.8,7.9,4.3,15.0,19.5,112.7
GSW,2021,Lg Rank,,24,10,17,3,12,16,8,11,20,4,28,30,14,29,26,27,7,22,6,6,11,18
GSW,2021,Year/Year,,-0.7%,-4.7%,0.4%,-.024,-8.5%,-0.9%,-.030,-2.8%,1.3%,-.022,15.7%,16.4%,-.005,5.0%,0.8%,1.8%,-9.0%,-4.5%,-12.3%,-3.8%,-3.0%,-2.1%
HOU,2021,,G,MP,FG,FGA,FG%,3P,3PA,3P%,2P,2PA,2P%,FT,FTA,FT%,ORB,DRB,TRB,AST,STL,BLK,TOV,PF,PTS
HOU,2021,Team,72,17305,2826,6372,.444,992,2923,.339,1834,3449,.532,1189,1606,.740,671,2396,3067,1699,546,361,1060,1407,7833
HOU,2021,Team/G,,240.3,39.3,88.5,.444,13.8,40.6,.339,25.5,47.9,.532,16.5,22.3,.740,9.3,33.3,42.6,23.6,7.6,5.0,14.7,19.5,108.8
HOU,2021,Lg Rank,,24,25,15,28,9,3,28,28,28,15,17,10,27,23,24,27,24,14,14,23,21,24
HOU,2021,Year/Year,,-0.4%,-3.7%,-2.1%,-.007,-11.9%,-10.4%,-.006,1.3%,6.1%,-.025,-19.9%,-14.4%,-.051,-4.7%,-3.5%,-3.8%,9.1%,-12.9%,-2.7%,0.3%,-10.2%,-7.7%
HOU,2021,Opponent,72,17305,3075,6411,.480,966,2532,.382,2109,3879,.544,1286,1642,.783,713,2713,3426,1855,611,378,1055,1388,8402
HOU,2021,Opponent/G,,240.3,42.7,89.0,.480,13.4,35.2,.382,29.3,53.9,.544,17.9,22.8,.783,9.9,37.7,47.6,25.8,8.5,5.3,14.7,19.3,116.7
HOU,2021,Lg Rank,,24,25,18,27,23,19,27,19,12,25,23,24,21,18,30,30,21,27,21,11,14,27
HOU,2021,Year/Year,,-0.4%,1.0%,-2.7%,+.018,9.8%,0.4%,+.033,-2.6%,-4.6%,+.011,-1.0%,-3.8%,+.022,-11.2%,2.6%,-0.6%,2.0%,5.7%,6.8%,-9.3%,-8.4%,1.6%
IND,2021,,G,MP,FG,FGA,FG%,3P,3PA,3P%,2P,2PA,2P%,FT,FTA,FT%,ORB,DRB,TRB,AST,STL,BLK,TOV,PF,PTS
IND,2021,Team,72,17455,3115,6567,.474,889,2445,.364,2226,4122,.540,1183,1493,.792,648,2424,3072,1973,611,460,975,1453,8302
IND,2021,Team/G,,242.4,43.3,91.2,.474,12.3,34.0,.364,30.9,57.3,.540,16.4,20.7,.792,9.0,33.7,42.7,27.4,8.5,6.4,13.5,20.2,115.3
IND,2021,Lg Rank,,4,3,3,11,18,18,17,5,6,12,20,26,9,26,21,26,2,5,1,13,22,6
IND,2021,Year/Year,,0.4%,2.7%,3.1%,-.002,21.3%,21.2%,+.000,-3.2%,-5.3%,+.011,9.4%,8.7%,+.006,3.3%,-1.3%,-0.3%,6.0%,14.1%,24.0%,2.2%,2.0%,5.4%
IND,2021,Opponent,72,17455,3076,6576,.468,828,2265,.366,2248,4311,.521,1325,1695,.782,813,2555,3368,1877,535,381,1066,1306,8305
IND,2021,Opponent/G,,242.4,42.7,91.3,.468,11.5,31.5,.366,31.2,59.9,.521,18.4,23.5,.782,11.3,35.5,46.8,26.1,7.4,5.3,14.8,18.1,115.3
IND,2021,Lg Rank,,4,26,26,16,4,2,16,30,30,7,25,26,19,30,21,25,28,11,23,8,26,25
IND,2021,Year/Year,,0.4%,8.2%,3.2%,+.021,0.3%,-6.5%,+.025,11.4%,9.2%,+.010,8.1%,9.0%,-.006,8.9%,1.8%,3.4%,12.9%,7.6%,15.3%,0.9%,-3.6%,7.3%
LAC,2021,,G,MP,FG,FGA,FG%,3P,3PA,3P%,2P,2PA,2P%,FT,FTA,FT%,ORB,DRB,TRB,AST,STL,BLK,TOV,PF,PTS
LAC,2021,Team,72,17280,3009,6242,.482,1027,2498,.411,1982,3744,.529,1164,1387,.839,678,2501,3179,1756,509,295,950,1383,8209
LAC,2021,Team/G,,240.0,41.8,86.7,.482,14.3,34.7,.411,27.5,52.0,.529,16.2,19.3,.839,9.4,34.7,44.2,24.4,7.1,4.1,13.2,19.2,114.0
LAC,2021,Lg Rank,,30,12,25,5,6,14,1,19,21,18,24,28,1,21,14,17,17,20,29,7,17,10
LAC,2021,Year/Year,,-0.6%,0.6%,-2.8%,+.016,14.7%,3.7%,+.040,-5.5%,-6.7%,+.007,-22.3%,-26.8%,+.048,-11.6%,-6.1%,-7.3%,2.8%,-0.4%,-12.7%,-9.6%,-13.2%,-2.0%
LAC,2021,Opponent,72,17280,2887,6223,.464,833,2341,.356,2054,3882,.529,1157,1489,.777,659,2307,2966,1650,510,304,925,1303,7764
LAC,2021,Opponent/G,,240.0,40.1,86.4,.464,11.6,32.5,.356,28.5,53.9,.529,16.1,20.7,.777,9.2,32.0,41.2,22.9,7.1,4.2,12.8,18.1,107.8
LAC,2021,Lg Rank,,30,9,7,13,6,7,6,15,14,14,10,9,13,5,1,1,3,7,5,22,27,4
LAC,2021,Year/Year,,-0.6%,1.4%,-4.2%,+.026,-6.0%,-8.8%,+.011,4.8%,-1.2%,+.030,-13.3%,-15.7%,+.021,-14.5%,-7.4%,-9.1%,-3.5%,-5.6%,-10.1%,-8.7%,-20.9%,-1.9%
LAL,2021,,G,MP,FG,FGA,FG%,3P,3PA,3P%,2P,2PA,2P%,FT,FTA,FT%,ORB,DRB,TRB,AST,STL,BLK,TOV,PF,PTS
LAL,2021,Team,72,17455,2925,6197,.472,796,2248,.354,2129,3949,.539,1241,1679,.739,695,2490,3185,1775,562,386,1095,1377,7887
LAL,2021,Team/G,,242.4,40.6,86.1,.472,11.1,31.2,.354,29.6,54.8,.539,17.2,23.3,.739,9.7,34.6,44.2,24.7,7.8,5.4,15.2,19.1,109.5
LAL,2021,Lg Rank,,4,21,27,12,25,24,21,12,12,13,11,6,28,17,15,16,15,11,5,28,16,22
LAL,2021,Year/Year,,0.7%,-4.0%,-2.5%,-.007,0.4%,-1.1%,+.005,-5.6%,-3.3%,-.013,-2.9%,-4.2%,+.010,-9.5%,-1.4%,-3.3%,-2.9%,-9.4%,-18.7%,0.3%,-7.7%,-3.4%
LAL,2021,Opponent,72,17455,2862,6221,.460,818,2321,.352,2044,3900,.524,1144,1475,.776,634,2392,3026,1776,593,327,1095,1530,7686
LAL,2021,Opponent/G,,242.4,39.8,86.4,.460,11.4,32.2,.352,28.4,54.2,.524,15.9,20.5,.776,8.8,33.2,42.0,24.7,8.2,4.5,15.2,21.3,106.8
LAL,2021,Lg Rank,,4,5,6,8,3,4,4,13,16,9,9,8,12,2,9,4,13,26,8,4,3,2
LAL,2021,Year/Year,,0.7%,1.8%,-0.8%,+.012,-2.5%,-3.5%,+.004,3.6%,0.8%,+.014,-11.2%,-10.5%,-.005,-6.4%,1.1%,-0.6%,5.4%,-0.0%,22.6%,-4.4%,-2.3%,-0.8%
MEM,2021,,G,MP,FG,FGA,FG%,3P,3PA,3P%,2P,2PA,2P%,FT,FTA,FT%,ORB,DRB,TRB,AST,STL,BLK,TOV,PF,PTS
MEM,2021,Team,72,17405,3085,6608,.467,803,2258,.356,2282,4350,.525,1184,1536,.771,803,2543,3346,1938,655,364,957,1349,8157
MEM,2021,Team/G,,241.7,42.8,91.8,.467,11.2,31.4,.356,31.7,60.4,.525,16.4,21.3,.771,11.2,35.3,46.5,26.9,9.1,5.1,13.3,18.7,113.3
MEM,2021,Lg Rank,,11,7,2,18,24,23,20,4,3,20,19,17,18,2,9,4,4,1,12,10,9,15
MEM,2021,Year/Year,,0.4%,0.7%,1.0%,-.001,2.0%,-0.3%,+.008,0.2%,1.7%,-.008,-1.0%,-2.0%,+.008,8.0%,-2.4%,-0.1%,-0.0%,15.3%,-7.3%,-12.8%,-11.5%,0.6%
MEM,2021,Opponent,72,17405,2953,6387,.462,926,2526,.367,2027,3861,.525,1251,1588,.788,704,2515,3219,1827,552,377,1068,1318,8083
MEM,2021,Opponent/G,,241.7,41.0,88.7,.462,12.9,35.1,.367,28.2,53.6,.525,17.4,22.1,.788,9.8,34.9,44.7,25.4,7.7,5.2,14.8,18.3,112.3
MEM,2021,Lg Rank,,11,13,16,11,18,18,18,12,10,11,20,15,27,12,20,18,19,18,20,7,25,16
MEM,2021,Year/Year,,0.4%,1.0%,-1.8%,+.013,-0.3%,-0.7%,+.001,1.6%,-2.4%,+.021,-11.3%,-11.9%,+.006,-5.6%,1.2%,-0.3%,2.1%,-4.3%,-1.0%,0.3%,-9.3%,-1.3%
MIA,2021,,G,MP,FG,FGA,FG%,3P,3PA,3P%,2P,2PA,2P%,FT,FTA,FT%,ORB,DRB,TRB,AST,STL,BLK,TOV,PF,PTS
MIA,2021,Team,72,17380,2824,6029,.468,932,2606,.358,1892,3423,.553,1201,1520,.790,579,2409,2988,1895,569,286,1013,1363,7781
MIA,2021,Team/G,,241.4,39.2,83.7,.468,12.9,36.2,.358,26.3,47.5,.553,16.7,21.1,.790,8.0,33.5,41.5,26.3,7.9,4.0,14.1,18.9,108.1
MIA,2021,Lg Rank,,16,26,30,15,14,11,19,25,29,5,13,21,12,29,23,29,9,9,30,17,12,25
MIA,2021,Year/Year,,-0.7%,-0.6%,-0.8%,+.001,-3.5%,2.3%,-.021,0.9%,-2.9%,+.021,-15.4%,-16.2%,+.008,-5.3%,-6.7%,-6.5%,1.5%,5.5%,-12.7%,-5.6%,-7.9%,-3.5%
MIA,2021,Opponent,72,17380,2815,6137,.459,1027,2814,.365,1788,3323,.538,1122,1435,.782,684,2404,3088,1857,541,287,1085,1414,7779
MIA,2021,Opponent/G,,241.4,39.1,85.2,.459,14.3,39.1,.365,24.8,46.2,.538,15.6,19.9,.782,9.5,33.4,42.9,25.8,7.5,4.0,15.1,19.6,108.0
MIA,2021,Lg Rank,,16,3,2,6,27,29,15,1,1,20,6,6,20,8,11,10,23,13,4,5,10,5
MIA,2021,Year/Year,,-0.7%,0.8%,-1.6%,+.011,8.9%,3.6%,+.018,-3.3%,-5.7%,+.013,-15.5%,-15.4%,-.001,2.9%,0.3%,0.8%,4.9%,0.6%,-3.6%,7.6%,-9.5%,-1.0%
MIL,2021,,G,MP,FG,FGA,FG%,3P,3PA,3P%,2P,2PA,2P%,FT,FTA,FT%,ORB,DRB,TRB,AST,STL,BLK,TOV,PF,PTS
MIL,2021,Team,72,17330,3221,6610,.487,1038,2669,.389,2183,3941,.554,1169,1539,.760,741,2724,3465,1834,585,334,995,1244,8649
MIL,2021,Team/G,,240.7,44.7,91.8,.487,14.4,37.1,.389,30.3,54.7,.554,16.2,21.4,.760,10.3,37.8,48.1,25.5,8.1,4.6,13.8,17.3,120.1
MIL,2021,Lg Rank,,22,1,1,3,5,8,5,8,13,4,23,16,23,12,1,2,14,7,19,15,2,1
MIL,2021,Year/Year,,-0.1%,3.3%,1.0%,+.011,4.5%,-4.7%,+.034,2.8%,5.2%,-.013,-11.3%,-13.3%,+.017,8.7%,-10.4%,-6.9%,-1.6%,12.8%,-21.1%,-8.5%,-11.9%,1.2%
MIL,2021,Opponent,72,17330,3052,6688,.456,1068,2778,.384,1984,3910,.507,1053,1350,.780,693,2435,3128,1804,507,348,947,1320,8225
MIL,2021,Opponent/G,,240.7,42.4,92.9,.456,14.8,38.6,.384,27.6,54.3,.507,14.6,18.8,.780,9.6,33.8,43.4,25.1,7.0,4.8,13.2,18.3,114.2
MIL,2021,Lg Rank,,22,23,30,5,30,28,29,10,17,2,3,1,17,9,13,13,17,6,15,20,24,22
MIL,2021,Year/Year,,-0.1%,8.8%,-1.2%,+.042,6.2%,-1.9%,+.029,10.3%,-0.7%,+.051,-12.6%,-11.8%,-.007,1.4%,-6.9%,-5.2%,3.7%,-4.5%,8.2%,-6.8%,-15.6%,5.2%
MIN,2021,,G,MP,FG,FGA,FG%,3P,3PA,3P%,2P,2PA,2P%,FT,FTA,FT%,ORB,DRB,TRB,AST,STL,BLK,TOV,PF,PTS
MIN,2021,Team,72,17405,2932,6546,.448,944,2706,.349,1988,3840,.518,1265,1662,.761,757,2376,3133,1846,632,398,1027,1507,8073
MIN,2021,Team/G,,241.7,40.7,90.9,.448,13.1,37.6,.349,27.6,53.3,.518,17.6,23.1,.761,10.5,33.0,43.5,25.6,8.8,5.5,14.3,20.9,112.1
MIN,2021,Lg Rank,,11,20,6,27,12,7,25,18,17,21,8,7,22,9,27,20,11,3,3,19,27,18
MIN,2021,Year/Year,,-0.6%,0.8%,-0.8%,+.007,-1.6%,-5.3%,+.013,2.0%,2.7%,-.003,-8.1%,-9.0%,+.008,-0.3%,-3.7%,-2.9%,7.6%,1.2%,-2.3%,-6.9%,-2.2%,-1.0%
MIN,2021,Opponent,72,17405,3098,6426,.482,945,2412,.392,2153,4014,.536,1332,1695,.786,718,2579,3297,1932,550,398,1102,1432,8473
MIN,2021,Opponent/G,,241.7,43.0,89.3,.482,13.1,33.5,.392,29.9,55.8,.536,18.5,23.5,.786,10.0,35.8,45.8,26.8,7.6,5.5,15.3,19.9,117.7
MIN,2021,Lg Rank,,11,27,20,28,21,12,30,23,25,19,27,26,23,20,23,22,29,16,26,3,8,29
MIN,2021,Year/Year,,-0.6%,-0.2%,-1.3%,+.005,13.5%,5.1%,+.029,-5.3%,-4.8%,-.003,-6.3%,-6.6%,+.003,-1.4%,-3.8%,-3.3%,10.1%,-2.0%,-0.3%,-1.3%,-8.0%,0.1%
NOP,2021,,G,MP,FG,FGA,FG%,3P,3PA,3P%,2P,2PA,2P%,FT,FTA,FT%,ORB,DRB,TRB,AST,STL,BLK,TOV,PF,PTS
NOP,2021,Team,72,17430,3060,6412,.477,762,2190,.348,2298,4222,.544,1369,1878,.729,845,2568,3413,1872,545,315,1052,1295,8251
NOP,2021,Team/G,,242.1,42.5,89.1,.477,10.6,30.4,.348,31.9,58.6,.544,19.0,26.1,.729,11.7,35.7,47.4,26.0,7.6,4.4,14.6,18.0,114.6
NOP,2021,Lg Rank,,6,9,10,7,27,25,26,2,4,8,4,2,29,1,3,3,10,15,24,22,4,9
NOP,2021,Year/Year,,0.0%,-0.2%,-2.8%,+.013,-22.4%,-17.5%,-.022,10.3%,7.1%,+.016,11.4%,11.3%,+.000,6.0%,0.7%,1.9%,-3.1%,1.1%,-12.0%,-10.9%,-15.0%,-1.1%
NOP,2021,Opponent,72,17430,3016,6431,.469,1043,2745,.380,1973,3686,.535,1197,1516,.790,644,2366,3010,1866,555,426,961,1534,8272
NOP,2021,Opponent/G,,242.1,41.9,89.3,.469,14.5,38.1,.380,27.4,51.2,.535,16.6,21.1,.790,8.9,32.9,41.8,25.9,7.7,5.9,13.3,21.3,114.9
NOP,2021,Lg Rank,,6,19,21,19,29,27,25,8,6,18,11,11,28,3,6,3,25,20,30,18,2,24
NOP,2021,Year/Year,,0.0%,-2.0%,-2.7%,+.004,18.5%,12.6%,+.019,-10.2%,-11.7%,+.009,-14.5%,-14.6%,+.001,-11.4%,-5.4%,-6.8%,5.8%,-9.8%,22.4%,-8.0%,1.0%,-1.9%
NYK,2021,,G,MP,FG,FGA,FG%,3P,3PA,3P%,2P,2PA,2P%,FT,FTA,FT%,ORB,DRB,TRB,AST,STL,BLK,TOV,PF,PTS
NYK,2021,Team,72,17430,2839,6225,.456,847,2163,.392,1992,4062,.490,1181,1506,.784,696,2554,3250,1541,507,365,932,1473,7706
NYK,2021,Team/G,,242.1,39.4,86.5,.456,11.8,30.0,.392,27.7,56.4,.490,16.4,20.9,.784,9.7,35.5,45.1,21.4,7.0,5.1,12.9,20.5,107.0
NYK,2021,Lg Rank,,6,24,26,21,21,27,3,17,8,29,21,23,14,16,7,9,29,21,11,6,25,26
NYK,2021,Year/Year,,0.1%,-1.3%,-3.2%,+.009,23.0%,5.9%,+.055,-9.0%,-7.5%,-.008,0.6%,-10.9%,+.090,-19.7%,3.0%,-2.9%,-3.0%,-7.8%,6.9%,-9.7%,-7.8%,1.2%
NYK,2021,Opponent,72,17430,2730,6209,.440,864,2565,.337,1866,3644,.512,1216,1598,.761,695,2478,3173,1696,472,391,918,1286,7540
NYK,2021,Opponent/G,,242.1,37.9,86.2,.440,12.0,35.6,.337,25.9,50.6,.512,16.9,22.2,.761,9.7,34.4,44.1,23.6,6.6,5.4,12.8,17.9,104.7
NYK,2021,Lg Rank,,6,1,5,1,10,21,1,3,5,5,13,17,4,10,17,16,6,3,25,23,29,1
NYK,2021,Year/Year,,0.1%,-4.9%,0.2%,-.024,-9.7%,2.1%,-.044,-2.5%,-1.0%,-.008,-12.2%,-13.6%,+.012,0.8%,-0.5%,-0.3%,-3.1%,-8.7%,7.6%,-7.2%,-9.7%,-6.7%
OKC,2021,,G,MP,FG,FGA,FG%,3P,3PA,3P%,2P,2PA,2P%,FT,FTA,FT%,ORB,DRB,TRB,AST,STL,BLK,TOV,PF,PTS
OKC,2021,Team,72,17355,2795,6338,.441,857,2529,.339,1938,3809,.509,1113,1536,.725,715,2568,3283,1588,504,316,1162,1305,7560
OKC,2021,Team/G,,241.0,38.8,88.0,.441,11.9,35.1,.339,26.9,52.9,.509,15.5,21.3,.725,9.9,35.7,45.6,22.1,7.0,4.4,16.1,18.1,105.0
OKC,2021,Lg Rank,,19,27,19,29,20,13,29,23,18,27,29,17,30,14,3,6,27,23,23,30,6,28
OKC,2021,Year/Year,,-0.4%,-2.9%,3.0%,-.027,11.3%,16.5%,-.016,-8.1%,-4.4%,-.020,-21.7%,-14.0%,-.071,20.6%,2.9%,6.3%,1.7%,-8.4%,-10.5%,17.8%,-6.1%,-4.9%
OKC,2021,Opponent,72,17355,3123,6603,.473,978,2688,.364,2145,3915,.548,1102,1426,.773,729,2663,3392,1856,647,378,942,1336,8326
OKC,2021,Opponent/G,,241.0,43.4,91.7,.473,13.6,37.3,.364,29.8,54.4,.548,15.3,19.8,.773,10.1,37.0,47.1,25.8,9.0,5.3,13.1,18.6,115.6
OKC,2021,Lg Rank,,19,29,29,24,24,26,12,22,19,28,5,5,8,23,27,26,22,30,21,21,23,26
OKC,2021,Year/Year,,-0.4%,6.3%,2.3%,+.018,20.1%,12.2%,+.024,1.0%,-3.5%,+.025,-1.5%,1.3%,-.022,-3.3%,7.7%,5.1%,12.1%,28.1%,30.3%,-8.0%,-18.6%,6.6%
ORL,2021,,G,MP,FG,FGA,FG%,3P,3PA,3P%,2P,2PA,2P%,FT,FTA,FT%,ORB,DRB,TRB,AST,STL,BLK,TOV,PF,PTS
ORL,2021,Team,72,17330,2754,6423,.429,784,2288,.343,1970,4135,.476,1196,1543,.775,747,2525,3272,1571,496,318,924,1237,7488
ORL,2021,Team/G,,240.7,38.3,89.2,.429,10.9,31.8,.343,27.4,57.4,.476,16.6,21.4,.775,10.4,35.1,45.4,21.8,6.9,4.4,12.8,17.2,104.0
ORL,2021,Lg Rank,,22,30,8,30,26,22,27,20,5,30,15,15,17,11,10,7,28,25,22,5,1,29
ORL,2021,Year/Year,,0.0%,-2.7%,0.7%,-.015,-1.5%,-1.5%,-.000,-3.2%,1.9%,-.025,-5.4%,-5.5%,+.001,0.8%,2.5%,2.1%,-8.8%,-16.0%,-18.6%,-0.0%,-6.1%,-3.1%
ORL,2021,Opponent,72,17330,3039,6456,.471,987,2649,.373,2052,3807,.539,1093,1390,.786,704,2706,3410,1874,548,384,917,1343,8158
ORL,2021,Opponent/G,,240.7,42.2,89.7,.471,13.7,36.8,.373,28.5,52.9,.539,15.2,19.3,.786,9.8,37.6,47.4,26.0,7.6,5.3,12.7,18.7,113.3
ORL,2021,Lg Rank,,22,22,23,21,25,25,21,14,9,22,4,4,24,12,29,28,27,15,24,24,20,20
ORL,2021,Year/Year,,0.0%,4.5%,3.2%,+.006,12.1%,9.5%,+.009,1.2%,-0.8%,+.010,-0.5%,-2.5%,+.015,8.1%,4.9%,5.5%,5.3%,8.7%,15.2%,-12.7%,-4.1%,4.6%
PHI,2021,,G,MP,FG,FGA,FG%,3P,3PA,3P%,2P,2PA,2P%,FT,FTA,FT%,ORB,DRB,TRB,AST,STL,BLK,TOV,PF,PTS
PHI,2021,Team,72,17430,2981,6257,.476,811,2169,.374,2170,4088,.531,1409,1836,.767,722,2522,3244,1706,655,447,1040,1456,8182
PHI,2021,Team/G,,242.1,41.4,86.9,.476,11.3,30.1,.374,30.1,56.8,.531,19.6,25.5,.767,10.0,35.0,45.1,23.7,9.1,6.2,14.4,20.2,113.6
PHI,2021,Lg Rank,,6,14,24,8,23,26,11,10,7,16,3,3,20,13,13,10,22,1,2,21,23,14
PHI,2021,Year/Year,,0.4%,0.7%,-1.1%,+.009,-3.0%,-4.7%,+.006,2.2%,0.8%,+.007,15.6%,13.6%,+.013,-4.2%,0.2%,-0.8%,-8.2%,13.3%,16.5%,1.7%,-3.5%,2.6%
PHI,2021,Opponent,72,17430,2835,6259,.453,857,2378,.360,1978,3881,.510,1253,1640,.764,702,2388,3090,1694,521,335,1122,1509,7780
PHI,2021,Opponent/G,,242.1,39.4,86.9,.453,11.9,33.0,.360,27.5,53.9,.510,17.4,22.8,.764,9.8,33.2,42.9,23.5,7.2,4.7,15.6,21.0,108.1
PHI,2021,Lg Rank,,6,4,10,4,8,11,9,9,13,3,21,23,6,11,8,11,5,8,12,2,4,6
PHI,2021,Year/Year,,0.4%,-1.1%,1.1%,-.010,14.5%,12.2%,+.007,-6.5%,-4.7%,-.010,-5.3%,-6.9%,+.013,13.3%,-0.2%,2.6%,3.4%,3.6%,15.5%,12.7%,2.5%,-0.3%
PHO,2021,,G,MP,FG,FGA,FG%,3P,3PA,3P%,2P,2PA,2P%,FT,FTA,FT%,ORB,DRB,TRB,AST,STL,BLK,TOV,PF,PTS
PHO,2021,Team,72,17480,3118,6357,.490,940,2490,.378,2178,3867,.563,1124,1347,.834,630,2462,3092,1939,517,312,902,1374,8300
PHO,2021,Team/G,,242.8,43.3,88.3,.490,13.1,34.6,.378,30.3,53.7,.563,15.6,18.7,.834,8.8,34.2,42.9,26.9,7.2,4.3,12.5,19.1,115.3
PHO,2021,Lg Rank,,1,2,16,2,13,15,7,9,16,2,28,29,2,28,18,23,3,19,25,4,14,7
PHO,2021,Year/Year,,0.7%,5.2%,0.3%,+.023,14.7%,8.8%,+.019,1.5%,-4.6%,+.034,-21.5%,-21.5%,+.001,-10.3%,1.3%,-1.3%,-1.1%,-6.2%,9.1%,-15.1%,-13.4%,1.5%
PHO,2021,Opponent,72,17480,2916,6248,.467,836,2359,.354,2080,3889,.535,1213,1560,.778,674,2401,3075,1652,498,258,981,1294,7881
PHO,2021,Opponent/G,,242.8,40.5,86.8,.467,11.6,32.8,.354,28.9,54.0,.535,16.8,21.7,.778,9.4,33.3,42.7,22.9,6.9,3.6,13.6,18.0,109.5
PHO,2021,Lg Rank,,1,11,9,15,7,10,5,18,15,17,12,13,15,6,10,9,4,5,1,17,28,7
PHO,2021,Year/Year,,0.7%,-1.8%,-0.7%,-.005,-0.0%,2.4%,-.009,-2.5%,-2.5%,-.000,-12.7%,-11.5%,-.010,2.9%,-2.5%,-1.4%,-2.8%,-12.3%,-34.8%,-12.7%,-20.6%,-3.5%
POR,2021,,G,MP,FG,FGA,FG%,3P,3PA,3P%,2P,2PA,2P%,FT,FTA,FT%,ORB,DRB,TRB,AST,STL,BLK,TOV,PF,PTS
POR,2021,Team,72,17305,2973,6558,.453,1132,2939,.385,1841,3619,.509,1282,1558,.823,766,2441,3207,1531,496,363,799,1362,8360
POR,2021,Team/G,,240.3,41.3,91.1,.453,15.7,40.8,.385,25.6,50.3,.509,17.8,21.6,.823,10.6,33.9,44.5,21.3,6.9,5.0,11.1,18.9,116.1
POR,2021,Lg Rank,,24,15,4,23,2,2,6,27,24,28,6,13,3,3,20,12,30,25,13,1,10,5
POR,2021,Year/Year,,-0.3%,-2.1%,-0.1%,-.009,22.2%,19.6%,+.008,-12.8%,-11.9%,-.005,0.4%,-1.9%,+.019,4.4%,-3.5%,-1.7%,3.2%,9.6%,-17.3%,-13.2%,-12.8%,1.0%
POR,2021,Opponent,72,17305,3007,6355,.473,928,2494,.372,2079,3861,.538,1289,1638,.787,710,2558,3268,1794,440,333,892,1374,8231
POR,2021,Opponent/G,,240.3,41.8,88.3,.473,12.9,34.6,.372,28.9,53.6,.538,17.9,22.8,.787,9.9,35.5,45.4,24.9,6.1,4.6,12.4,19.1,114.3
POR,2021,Lg Rank,,24,18,15,25,19,17,20,17,10,21,24,22,26,16,22,21,16,1,10,28,16,23
POR,2021,Year/Year,,-0.3%,0.0%,-3.7%,+.017,-4.9%,-2.1%,-.011,2.4%,-4.7%,+.037,-6.0%,-7.9%,+.016,-14.4%,0.5%,-3.2%,0.2%,-9.9%,-6.0%,-3.8%,-5.1%,-1.6%
SAC,2021,,G,MP,FG,FGA,FG%,3P,3PA,3P%,2P,2PA,2P%,FT,FTA,FT%,ORB,DRB,TRB,AST,STL,BLK,TOV,PF,PTS
SAC,2021,Team,72,17305,3067,6382,.481,874,2400,.364,2193,3982,.551,1181,1585,.745,674,2307,2981,1836,543,358,963,1400,8189
SAC,2021,Team/G,,240.3,42.6,88.6,.481,12.1,33.3,.364,30.5,55.3,.551,16.4,22.0,.745,9.4,32.0,41.4,25.5,7.5,5.0,13.4,19.4,113.7
SAC,2021,Lg Rank,,24,8,13,6,19,20,16,6,10,7,21,11,25,22,30,30,12,16,15,11,20,11
SAC,2021,Year/Year,,-0.9%,4.2%,0.3%,+.018,-4.4%,-4.4%,+.000,8.1%,3.3%,+.024,4.8%,8.3%,-.025,-3.0%,-2.7%,-2.8%,7.2%,-2.3%,22.2%,-7.7%,-12.2%,3.3%
SAC,2021,Opponent,72,17305,3139,6438,.488,893,2349,.380,2246,4089,.549,1283,1631,.787,767,2489,3256,1823,545,336,988,1348,8454
SAC,2021,Opponent/G,,240.3,43.6,89.4,.488,12.4,32.6,.380,31.2,56.8,.549,17.8,22.7,.787,10.7,34.6,45.2,25.3,7.6,4.7,13.7,18.7,117.4
SAC,2021,Lg Rank,,24,30,22,30,13,8,26,29,26,29,22,21,25,28,19,20,18,14,13,16,19,28
SAC,2021,Year/Year,,-0.9%,8.3%,4.5%,+.017,-0.1%,-6.3%,+.023,12.1%,12.0%,+.001,-7.3%,-6.9%,-.003,17.3%,0.3%,3.9%,1.8%,-2.2%,10.5%,-9.7%,-4.0%,4.7%
SAS,2021,,G,MP,FG,FGA,FG%,3P,3PA,3P%,2P,2PA,2P%,FT,FTA,FT%,ORB,DRB,TRB,AST,STL,BLK,TOV,PF,PTS
SAS,2021,Team,72,17480,3014,6518,.462,716,2046,.350,2298,4472,.514,1254,1584,.792,669,2489,3158,1759,505,366,821,1293,7998
SAS,2021,Team/G,,242.8,41.9,90.5,.462,9.9,28.4,.350,31.9,62.1,.514,17.4,22.0,.792,9.3,34.6,43.9,24.4,7.0,5.1,11.4,18.0,111.1
SAS,2021,Lg Rank,,1,11,7,20,30,30,24,2,1,24,9,12,10,24,16,18,16,22,10,2,3,20
SAS,2021,Year/Year,,0.1%,-0.8%,1.2%,-.009,-7.1%,-0.2%,-.026,1.4%,1.9%,-.002,-8.3%,-6.1%,-.018,3.1%,-3.0%,-1.8%,-0.9%,-3.9%,-7.5%,-9.5%,-7.4%,-2.6%
SAS,2021,Opponent,72,17480,3055,6469,.472,885,2350,.377,2170,4119,.527,1128,1489,.758,732,2681,3413,1784,454,369,949,1338,8123
SAS,2021,Opponent/G,,242.8,42.4,89.8,.472,12.3,32.6,.377,30.1,57.2,.527,15.7,20.7,.758,10.2,37.2,47.4,24.8,6.3,5.1,13.2,18.6,112.8
SAS,2021,Lg Rank,,1,24,24,22,11,9,23,27,27,13,7,9,2,24,28,29,14,2,19,19,22,19
SAS,2021,Year/Year,,0.1%,0.3%,-0.4%,+.003,-6.3%,-7.0%,+.003,3.2%,3.9%,-.003,-10.2%,-7.9%,-.019,8.5%,3.6%,4.7%,-3.6%,-7.9%,18.1%,-0.1%,-7.3%,-2.0%
TOR,2021,,G,MP,FG,FGA,FG%,3P,3PA,3P%,2P,2PA,2P%,FT,FTA,FT%,ORB,DRB,TRB,AST,STL,BLK,TOV,PF,PTS
TOR,2021,Team,72,17305,2859,6383,.448,1041,2831,.368,1818,3552,.512,1252,1536,.815,680,2314,2994,1735,618,389,952,1526,8011
TOR,2021,Team/G,,240.3,39.7,88.7,.448,14.5,39.3,.368,25.3,49.3,.512,17.4,21.3,.815,9.4,32.1,41.6,24.1,8.6,5.4,13.2,21.2,111.3
TOR,2021,Lg Rank,,24,23,12,26,4,4,15,29,26,25,10,17,4,20,29,28,20,4,4,8,28,19
TOR,2021,Year/Year,,-0.4%,-1.3%,0.8%,-.010,4.6%,6.3%,-.006,-4.4%,-3.2%,-.007,-5.8%,-8.0%,+.019,-0.7%,-10.4%,-8.4%,-4.5%,-2.8%,8.7%,-10.8%,-2.1%,-1.3%
TOR,2021,Opponent,72,17305,2809,6099,.461,1001,2641,.379,1808,3458,.523,1426,1785,.799,720,2582,3302,1872,477,402,1161,1405,8045
TOR,2021,Opponent/G,,240.3,39.0,84.7,.461,13.9,36.7,.379,25.1,48.0,.523,19.8,24.8,.799,10.0,35.9,45.9,26.0,6.6,5.6,16.1,19.5,111.7
TOR,2021,Lg Rank,,24,2,1,10,26,24,24,2,2,8,28,28,29,22,25,23,26,4,27,1,12,15
TOR,2021,Year/Year,,-0.4%,3.2%,-4.1%,+.033,6.2%,-5.6%,+.042,1.7%,-2.9%,+.024,11.1%,6.9%,+.030,-8.4%,2.1%,-0.4%,1.7%,-8.3%,1.8%,-4.2%,-4.2%,4.9%
UTA,2021,,G,MP,FG,FGA,FG%,3P,3PA,3P%,2P,2PA,2P%,FT,FTA,FT%,ORB,DRB,TRB,AST,STL,BLK,TOV,PF,PTS
UTA,2021,Team,72,17355,2971,6344,.468,1205,3098,.389,1766,3246,.544,1235,1546,.799,765,2709,3474,1703,474,371,1023,1335,8382
UTA,2021,Team/G,,241.0,41.3,88.1,.468,16.7,43.0,.389,24.5,45.1,.544,17.2,21.5,.799,10.6,37.6,48.3,23.7,6.6,5.2,14.2,18.5,116.4
UTA,2021,Lg Rank,,19,17,18,16,1,1,4,30,30,9,12,14,8,4,2,1,23,29,8,18,8,4
UTA,2021,Year/Year,,0.0%,2.9%,3.5%,-.002,25.1%,22.1%,+.009,-8.2%,-9.7%,+.009,-3.4%,-5.8%,+.020,16.6%,5.1%,7.5%,5.4%,8.2%,27.1%,-6.1%,-9.1%,4.6%
UTA,2021,Opponent,72,17355,2943,6581,.447,783,2293,.341,2160,4288,.504,1047,1364,.768,706,2362,3068,1604,554,282,827,1365,7716
UTA,2021,Opponent/G,,241.0,40.9,91.4,.447,10.9,31.8,.341,30.0,59.6,.504,14.5,18.9,.768,9.8,32.8,42.6,22.3,7.7,3.9,11.5,19.0,107.2
UTA,2021,Lg Rank,,19,12,27,2,1,3,2,25,29,1,2,2,7,15,5,7,1,19,3,30,17,3
UTA,2021,Year/Year,,0.0%,0.4%,2.6%,-.009,-0.9%,2.6%,-.012,0.9%,2.5%,-.008,-11.6%,-11.7%,+.001,2.6%,-1.0%,-0.2%,3.6%,-2.1%,-14.3%,-7.0%,-9.1%,-1.5%
WAS,2021,,G,MP,FG,FGA,FG%,3P,3PA,3P%,2P,2PA,2P%,FT,FTA,FT%,ORB,DRB,TRB,AST,STL,BLK,TOV,PF,PTS
WAS,2021,Team,72,17405,3108,6547,.475,733,2088,.351,2375,4459,.533,1449,1884,.769,697,2557,3254,1835,528,297,1037,1555,8398
WAS,2021,Team/G,,241.7,43.2,90.9,.475,10.2,29.0,.351,33.0,61.9,.533,20.1,26.2,.769,9.7,35.5,45.2,25.5,7.3,4.1,14.4,21.6,116.6
WAS,2021,Lg Rank,,11,5,5,10,28,29,23,1,2,14,1,1,19,15,6,8,13,18,28,20,30,3
WAS,2021,Year/Year,,0.3%,3.9%,0.0%,+.018,-15.2%,-11.0%,-.017,11.7%,6.2%,+.026,3.9%,6.4%,-.018,-4.8%,11.4%,7.5%,1.9%,-8.0%,-3.9%,1.7%,-4.8%,1.9%
WAS,2021,Opponent,72,17405,3103,6594,.471,896,2425,.369,2207,4169,.529,1428,1828,.781,738,2580,3318,1762,587,348,1056,1586,8530
WAS,2021,Opponent/G,,241.7,43.1,91.6,.471,12.4,33.7,.369,30.7,57.9,.529,19.8,25.4,.781,10.3,35.8,46.1,24.5,8.2,4.8,14.7,22.0,118.5
WAS,2021,Lg Rank,,11,28,28,20,15,13,19,28,28,15,30,29,18,25,24,24,12,25,15,10,1,30
WAS,2021,Year/Year,,0.3%,-0.0%,3.6%,-.017,0.0%,1.6%,-.006,-0.0%,4.8%,-.026,-2.9%,-3.3%,+.003,-2.0%,0.3%,-0.2%,-2.9%,8.5%,-4.1%,-9.2%,-0.9%,-0.5%
ATL,2022,,G,MP,FG,FGA,FG%,3P,3PA,3P%,2P,2PA,2P%,FT,FTA,FT%,ORB,DRB,TRB,AST,STL,BLK,TOV,PF,PTS
ATL,2022,Team,82,19705,3401,7241,.470,1056,2821,.374,2345,4420,.531,1485,1829,.812,823,2783,3606,2017,587,348,972,1534,9343
ATL,2022,Team/G,,240.3,41.5,88.3,.470,12.9,34.4,.374,28.6,53.9,.531,18.1,22.3,.812,10.0,33.9,44.0,24.6,7.2,4.2,11.9,18.7,113.9
ATL,2022,Lg Rank,,30,11,13,7,11,18,2,14,13,18,3,11,4,17,17,20,15,22,23,1,7,6
ATL,2022,Year/Year,,-0.6%,1.7%,1.2%,+.002,3.6%,3.1%,+.002,0.8%,0.1%,+.004,-8.0%,-8.0%,-.000,-4.9%,-3.2%,-3.6%,2.0%,2.5%,-10.7%,-10.4%,-3.2%,0.2%
ATL,2022,Opponent,82,19705,3435,7294,.471,1051,2888,.364,2384,4406,.541,1294,1634,.792,838,2758,3596,2085,576,367,1046,1668,9215
ATL,2022,Opponent/G,,240.3,41.9,89.0,.471,12.8,35.2,.364,29.1,53.7,.541,15.8,19.9,.792,10.2,33.6,43.9,25.4,7.0,4.5,12.8,20.3,112.4
ATL,2022,Lg Rank,,30,24,19,23,21,17,25,21,17,21,6,5,27,13,11,13,23,5,10,27,6,21
ATL,2022,Year/Year,,-0.6%,1.5%,-0.2%,+.008,7.6%,3.1%,+.015,-0.9%,-2.3%,+.007,-6.8%,-5.5%,-.011,2.3%,3.0%,2.8%,4.4%,-9.2%,-11.2%,3.7%,3.0%,0.9%
BOS,2022,,G,MP,FG,FGA,FG%,3P,3PA,3P%,2P,2PA,2P%,FT,FTA,FT%,ORB,DRB,TRB,AST,STL,BLK,TOV,PF,PTS
BOS,2022,Team,82,19905,3341,7167,.466,1085,3044,.356,2256,4123,.547,1397,1713,.816,863,2915,3778,2036,591,478,1118,1521,9164
BOS,2022,Team/G,,242.7,40.7,87.4,.466,13.2,37.1,.356,27.5,50.3,.547,17.0,20.9,.816,10.5,35.5,46.1,24.8,7.2,5.8,13.6,18.5,111.8
BOS,2022,Lg Rank,,2,13,18,15,8,9,14,18,23,6,14,24,2,11,4,5,14,19,2,13,5,12
BOS,2022,Year/Year,,0.6%,-1.7%,-1.7%,-.000,-2.7%,2.1%,-.018,-1.3%,-4.3%,+.017,5.7%,0.5%,+.040,-0.9%,5.7%,4.1%,5.8%,-6.7%,9.6%,-3.0%,-9.2%,-0.8%
BOS,2022,Opponent,82,19905,3137,7221,.434,969,2860,.339,2168,4361,.497,1324,1692,.783,858,2727,3585,1773,618,376,1133,1592,8567
BOS,2022,Opponent/G,,242.7,38.3,88.1,.434,11.8,34.9,.339,26.4,53.2,.497,16.1,20.6,.783,10.5,33.3,43.7,21.6,7.5,4.6,13.8,19.4,104.5
BOS,2022,Lg Rank,,2,3,15,1,9,14,1,4,12,1,10,9,23,19,10,12,1,17,11,13,20,1
BOS,2022,Year/Year,,0.6%,-4.2%,2.4%,-.030,-8.0%,1.5%,-.035,-2.4%,3.0%,-.027,-12.5%,-12.2%,-.003,11.3%,0.5%,2.9%,-10.1%,2.2%,-1.2%,-2.0%,0.6%,-6.0%
BRK,2022,,G,MP,FG,FGA,FG%,3P,3PA,3P%,2P,2PA,2P%,FT,FTA,FT%,ORB,DRB,TRB,AST,STL,BLK,TOV,PF,PTS
BRK,2022,Team,82,19755,3442,7251,.475,940,2602,.361,2502,4649,.538,1434,1781,.805,844,2796,3640,2071,582,448,1153,1670,9258
BRK,2022,Team/G,,240.9,42.0,88.4,.475,11.5,31.7,.361,30.5,56.7,.538,17.5,21.7,.805,10.3,34.1,44.4,25.3,7.1,5.5,14.1,20.4,112.9
BRK,2022,Lg Rank,,19,5,12,4,24,28,10,5,6,15,10,14,6,14,15,13,10,24,5,17,22,9
BRK,2022,Year/Year,,-0.3%,-2.7%,1.2%,-.019,-19.1%,-12.1%,-.031,5.3%,10.7%,-.027,-3.5%,-3.6%,+.001,15.8%,-4.1%,-0.1%,-5.7%,5.6%,3.8%,3.8%,7.0%,-4.8%
BRK,2022,Opponent,82,19755,3340,7395,.452,1026,2974,.345,2314,4421,.523,1488,1888,.788,926,2690,3616,1954,650,403,1088,1616,9194
BRK,2022,Opponent/G,,240.9,40.7,90.2,.452,12.5,36.3,.345,28.2,53.9,.523,18.1,23.0,.788,11.3,32.8,44.1,23.8,7.9,4.9,13.3,19.7,112.1
BRK,2022,Lg Rank,,19,15,24,7,17,22,8,16,19,9,26,25,25,27,6,15,9,22,21,18,16,18
BRK,2022,Year/Year,,-0.3%,-2.8%,-1.2%,-.007,-5.3%,0.2%,-.020,-1.7%,-2.1%,+.002,6.4%,4.7%,+.013,8.0%,0.6%,2.4%,-0.8%,3.8%,7.2%,5.2%,4.3%,-1.7%
CHO,2022,,G,MP,FG,FGA,FG%,3P,3PA,3P%,2P,2PA,2P%,FT,FTA,FT%,ORB,DRB,TRB,AST,STL,BLK,TOV,PF,PTS
CHO,2022,Team,82,19880,3508,7497,.468,1143,3130,.365,2365,4367,.542,1298,1753,.740,888,2767,3655,2302,707,402,1087,1629,9457
CHO,2022,Team/G,,242.4,42.8,91.4,.468,13.9,38.2,.365,28.8,53.3,.542,15.8,21.4,.740,10.8,33.7,44.6,28.1,8.6,4.9,13.3,19.9,115.3
CHO,2022,Lg Rank,,3,4,3,11,5,6,6,12,15,11,25,19,27,9,21,12,1,5,11,10,18,4
CHO,2022,Year/Year,,0.6%,7.1%,4.1%,+.013,1.9%,3.1%,-.004,9.9%,4.8%,+.025,-0.5%,2.3%,-.021,2.3%,1.7%,1.8%,4.6%,9.9%,2.6%,-10.7%,10.2%,5.4%
CHO,2022,Opponent,82,19880,3444,7388,.466,1148,3170,.362,2296,4218,.544,1385,1815,.763,931,2920,3851,2169,617,377,1229,1609,9421
CHO,2022,Opponent/G,,242.4,42.0,90.1,.466,14.0,38.7,.362,28.0,51.4,.544,16.9,22.1,.763,11.4,35.6,47.0,26.5,7.5,4.6,15.0,19.6,114.9
CHO,2022,Lg Rank,,3,25,23,20,29,28,23,14,9,23,15,16,7,28,26,27,29,16,12,4,18,25
CHO,2022,Year/Year,,0.6%,1.7%,2.2%,-.002,-3.3%,-2.2%,-.004,4.5%,5.8%,-.007,17.6%,14.9%,+.018,6.7%,3.1%,3.9%,-2.4%,-6.9%,-4.6%,1.6%,5.4%,3.1%
CHI,2022,,G,MP,FG,FGA,FG%,3P,3PA,3P%,2P,2PA,2P%,FT,FTA,FT%,ORB,DRB,TRB,AST,STL,BLK,TOV,PF,PTS
CHI,2022,Team,82,19730,3422,7127,.480,872,2364,.369,2550,4763,.535,1436,1766,.813,711,2760,3471,1958,585,336,1053,1540,9152
CHI,2022,Team/G,,240.6,41.7,86.9,.480,10.6,28.8,.369,31.1,58.1,.535,17.5,21.5,.813,8.7,33.7,42.3,23.9,7.1,4.1,12.8,18.8,111.6
CHI,2022,Lg Rank,,24,7,20,3,29,30,4,4,4,16,9,17,3,29,22,28,19,23,25,6,8,13
CHI,2022,Year/Year,,-0.3%,-1.0%,-1.9%,+.004,-15.3%,-15.1%,-.001,5.1%,6.3%,-.006,26.7%,23.3%,+.022,-9.9%,-4.7%,-5.8%,-10.8%,6.6%,-3.0%,-15.1%,-0.7%,0.8%
CHI,2022,Opponent,82,19730,3397,7170,.474,960,2620,.366,2437,4550,.536,1430,1799,.795,764,2777,3541,2049,584,410,1071,1489,9184
CHI,2022,Opponent/G,,240.6,41.4,87.4,.474,11.7,32.0,.366,29.7,55.5,.536,17.4,21.9,.795,9.3,33.9,43.2,25.0,7.1,5.0,13.1,18.2,112.0
CHI,2022,Lg Rank,,24,22,13,26,6,2,27,24,25,15,22,15,28,2,13,9,17,6,24,24,28,16
CHI,2022,Year/Year,,-0.3%,-0.0%,-0.3%,+.001,1.7%,-1.2%,+.010,-0.7%,0.3%,-.005,1.4%,-1.3%,+.021,7.5%,1.2%,2.5%,3.6%,-16.5%,-1.1%,2.6%,2.4%,0.4%
CLE,2022,,G,MP,FG,FGA,FG%,3P,3PA,3P%,2P,2PA,2P%,FT,FTA,FT%,ORB,DRB,TRB,AST,STL,BLK,TOV,PF,PTS
CLE,2022,Team,82,19730,3255,6940,.469,953,2686,.355,2302,4254,.541,1376,1810,.760,837,2786,3623,2064,580,343,1181,1433,8839
CLE,2022,Team/G,,240.6,39.7,84.6,.469,11.6,32.8,.355,28.1,51.9,.541,16.8,22.1,.760,10.2,34.0,44.2,25.2,7.1,4.2,14.4,17.5,107.8
CLE,2022,Lg Rank,,24,21,29,9,20,22,15,15,17,12,18,12,21,16,16,15,11,26,24,22,1,25
CLE,2022,Year/Year,,-0.6%,2.9%,-1.3%,+.019,16.2%,10.2%,+.019,-1.8%,-7.4%,+.031,0.7%,-1.5%,+.017,-2.1%,5.1%,3.4%,5.6%,-8.9%,-7.3%,-6.9%,-3.8%,3.8%
CLE,2022,Opponent,82,19730,3236,7152,.452,960,2721,.353,2276,4431,.514,1233,1592,.774,858,2657,3515,1978,691,380,1101,1638,8665
CLE,2022,Opponent/G,,240.6,39.5,87.2,.452,11.7,33.2,.353,27.8,54.0,.514,15.0,19.4,.774,10.5,32.4,42.9,24.1,8.4,4.6,13.4,20.0,105.7
CLE,2022,Lg Rank,,24,8,10,8,6,7,16,12,20,5,3,2,15,19,3,6,12,28,15,17,11,5
CLE,2022,Year/Year,,-0.6%,-6.0%,0.6%,-.032,-5.6%,2.4%,-.030,-6.2%,-0.5%,-.031,-5.3%,-4.8%,-.004,5.8%,-4.3%,-2.0%,-5.0%,-1.0%,-21.5%,-6.4%,-0.9%,-5.9%
DAL,2022,,G,MP,FG,FGA,FG%,3P,3PA,3P%,2P,2PA,2P%,FT,FTA,FT%,ORB,DRB,TRB,AST,STL,BLK,TOV,PF,PTS
DAL,2022,Team,82,19755,3222,6982,.461,1073,3063,.350,2149,3919,.548,1341,1739,.771,759,2769,3528,1918,552,325,1025,1612,8858
DAL,2022,Team/G,,240.9,39.3,85.1,.461,13.1,37.4,.350,26.2,47.8,.548,16.4,21.2,.771,9.3,33.8,43.0,23.4,6.7,4.0,12.5,19.7,108.0
DAL,2022,Lg Rank,,19,25,27,18,10,8,19,23,27,5,22,22,16,24,20,24,25,29,28,3,14,24
DAL,2022,Year/Year,,0.2%,-4.4%,-2.5%,-.009,-5.2%,-2.0%,-.012,-3.9%,-2.9%,-.006,-0.7%,0.2%,-.007,1.4%,-1.3%,-0.7%,2.3%,7.7%,-8.2%,3.6%,1.4%,-3.9%
DAL,2022,Opponent,82,19755,3198,7001,.457,895,2635,.340,2303,4366,.527,1296,1689,.767,780,2799,3579,1925,575,300,1073,1645,8587
DAL,2022,Opponent/G,,240.9,39.0,85.4,.457,10.9,32.1,.340,28.1,53.2,.527,15.8,20.6,.767,9.5,34.1,43.6,23.5,7.0,3.7,13.1,20.1,104.7
DAL,2022,Lg Rank,,19,6,3,12,1,3,4,15,14,13,7,8,9,4,17,11,6,4,1,23,10,2
DAL,2022,Year/Year,,0.2%,-2.7%,-1.9%,-.003,-15.0%,-8.8%,-.025,3.2%,2.7%,+.002,-8.1%,-8.5%,+.004,-2.7%,-0.1%,-0.7%,3.6%,-4.2%,-0.2%,3.8%,-0.1%,-5.0%
DEN,2022,,G,MP,FG,FGA,FG%,3P,3PA,3P%,2P,2PA,2P%,FT,FTA,FT%,ORB,DRB,TRB,AST,STL,BLK,TOV,PF,PTS
DEN,2022,Team,82,19805,3416,7079,.483,1039,2944,.353,2377,4135,.575,1372,1725,.795,752,2865,3617,2279,592,305,1189,1639,9243
DEN,2022,Team/G,,241.5,41.7,86.3,.483,12.7,35.9,.353,29.0,50.4,.575,16.7,21.0,.795,9.2,34.9,44.1,27.8,7.2,3.7,14.5,20.0,112.7
DEN,2022,Lg Rank,,8,8,23,2,14,13,16,11,21,1,19,23,8,25,9,17,3,18,29,26,20,10
DEN,2022,Year/Year,,-0.5%,-3.7%,-3.2%,-.002,-1.6%,5.0%,-.024,-4.6%,-8.3%,+.023,6.7%,7.7%,-.008,-12.9%,3.0%,-0.8%,3.5%,-10.7%,-17.1%,7.4%,4.7%,-2.0%
DEN,2022,Opponent,82,19805,3367,7168,.470,971,2806,.346,2396,4362,.549,1349,1783,.757,795,2680,3475,2082,649,392,1051,1632,9054
DEN,2022,Opponent/G,,241.5,41.1,87.4,.470,11.8,34.2,.346,29.2,53.2,.549,16.5,21.7,.757,9.7,32.7,42.4,25.4,7.9,4.8,12.8,19.9,110.4
DEN,2022,Lg Rank,,8,18,12,21,10,11,10,23,13,28,11,14,3,7,5,4,22,20,17,26,13,14
DEN,2022,Year/Year,,-0.5%,2.5%,2.4%,+.001,-8.7%,-4.1%,-.017,7.9%,7.0%,+.005,-3.6%,-1.5%,-.017,7.1%,1.7%,2.9%,-1.9%,5.5%,5.9%,-9.0%,3.9%,0.3%
DET,2022,,G,MP,FG,FGA,FG%,3P,3PA,3P%,2P,2PA,2P%,FT,FTA,FT%,ORB,DRB,TRB,AST,STL,BLK,TOV,PF,PTS
DET,2022,Team,82,19780,3129,7267,.431,925,2838,.326,2204,4429,.498,1413,1806,.782,900,2625,3525,1924,630,393,1163,1799,8596
DET,2022,Team/G,,241.2,38.2,88.6,.431,11.3,34.6,.326,26.9,54.0,.498,17.2,22.0,.782,11.0,32.0,43.0,23.5,7.7,4.8,14.2,21.9,104.8
DET,2022,Lg Rank,,13,29,11,29,26,16,29,20,12,29,13,13,13,8,29,25,24,10,14,20,30,28
DET,2022,Year/Year,,-0.4%,-1.3%,3.6%,-.021,-2.4%,5.1%,-.025,-0.8%,2.6%,-.017,-2.9%,-5.8%,+.023,13.9%,-3.2%,0.7%,-3.1%,4.2%,-7.0%,-5.0%,6.9%,-1.7%
DET,2022,Opponent,82,19780,3333,7051,.473,966,2668,.362,2367,4383,.540,1597,2056,.777,847,2946,3793,2061,606,427,1197,1625,9229
DET,2022,Opponent/G,,241.2,40.6,86.0,.473,11.8,32.5,.362,28.9,53.5,.540,19.5,25.1,.777,10.3,35.9,46.3,25.1,7.4,5.2,14.6,19.8,112.5
DET,2022,Lg Rank,,13,14,7,25,8,5,22,20,15,20,29,29,19,16,28,24,19,12,26,7,14,22
DET,2022,Year/Year,,-0.4%,-1.8%,-1.1%,-.003,3.8%,3.7%,+.001,-3.9%,-3.8%,-.001,14.8%,12.3%,+.017,3.7%,4.5%,4.3%,1.4%,-7.9%,-10.5%,4.7%,-2.9%,1.3%
GSW,2022,,G,MP,FG,FGA,FG%,3P,3PA,3P%,2P,2PA,2P%,FT,FTA,FT%,ORB,DRB,TRB,AST,STL,BLK,TOV,PF,PTS
GSW,2022,Team,82,19730,3323,7087,.469,1176,3231,.364,2147,3856,.557,1280,1665,.769,800,2930,3730,2223,719,372,1221,1723,9102
GSW,2022,Team/G,,240.6,40.5,86.4,.469,14.3,39.4,.364,26.2,47.0,.557,15.6,20.3,.769,9.8,35.7,45.5,27.1,8.8,4.5,14.9,21.0,111.0
GSW,2022,Lg Rank,,24,17,21,10,3,3,8,24,29,3,26,26,17,20,2,7,5,4,18,29,27,15
GSW,2022,Year/Year,,0.1%,-1.9%,-2.0%,+.000,-1.5%,1.7%,-.012,-2.1%,-4.8%,+.016,-5.8%,-3.8%,-.016,22.4%,1.9%,5.7%,-2.0%,7.5%,-4.5%,-0.7%,-0.9%,-2.4%
GSW,2022,Opponent,82,19730,3111,7098,.438,1000,2948,.339,2111,4150,.509,1426,1880,.759,792,2705,3497,1875,649,317,1189,1474,8648
GSW,2022,Opponent/G,,240.6,37.9,86.6,.438,12.2,36.0,.339,25.7,50.6,.509,17.4,22.9,.759,9.7,33.0,42.6,22.9,7.9,3.9,14.5,18.0,105.5
GSW,2022,Lg Rank,,24,2,9,2,15,20,3,2,8,2,19,24,5,6,8,5,2,20,2,8,29,3
GSW,2022,Year/Year,,0.1%,-5.7%,-2.7%,-.014,-1.5%,4.3%,-.020,-7.6%,-7.2%,-.002,-12.2%,-10.0%,-.019,-9.6%,-9.9%,-9.8%,-3.8%,0.5%,-10.8%,-3.6%,-7.9%,-6.4%
HOU,2022,,G,MP,FG,FGA,FG%,3P,3PA,3P%,2P,2PA,2P%,FT,FTA,FT%,ORB,DRB,TRB,AST,STL,BLK,TOV,PF,PTS
HOU,2022,Team,82,19755,3229,7083,.456,1105,3170,.349,2124,3913,.543,1434,2010,.713,786,2660,3446,1932,600,382,1351,1692,8997
HOU,2022,Team/G,,240.9,39.4,86.4,.456,13.5,38.7,.349,25.9,47.7,.543,17.5,24.5,.713,9.6,32.4,42.0,23.6,7.3,4.7,16.5,20.6,109.7
HOU,2022,Lg Rank,,19,24,22,24,7,4,21,28,28,10,10,1,30,21,28,30,23,17,15,30,26,19
HOU,2022,Year/Year,,0.2%,0.3%,-2.4%,+.012,-2.2%,-4.8%,+.009,1.7%,-0.4%,+.011,5.9%,9.9%,-.027,2.9%,-2.5%,-1.3%,-0.2%,-3.5%,-7.1%,11.9%,5.6%,0.9%
HOU,2022,Opponent,82,19755,3562,7374,.483,1048,2966,.353,2514,4408,.570,1520,1943,.782,915,2831,3746,2103,776,474,1155,1812,9692
HOU,2022,Opponent/G,,240.9,43.4,89.9,.483,12.8,36.2,.353,30.7,53.8,.570,18.5,23.7,.782,11.2,34.5,45.7,25.6,9.5,5.8,14.1,22.1,118.2
HOU,2022,Lg Rank,,19,30,22,29,20,21,17,30,18,30,27,27,22,26,20,21,24,30,28,10,1,30
HOU,2022,Year/Year,,0.2%,1.7%,1.0%,+.003,-4.7%,2.9%,-.028,4.7%,-0.2%,+.027,3.8%,3.9%,-.001,12.7%,-8.4%,-4.0%,-0.5%,11.5%,10.1%,-3.9%,14.6%,1.3%
IND,2022,,G,MP,FG,FGA,FG%,3P,3PA,3P%,2P,2PA,2P%,FT,FTA,FT%,ORB,DRB,TRB,AST,STL,BLK,TOV,PF,PTS
IND,2022,Team,82,19880,3398,7338,.463,997,2899,.344,2401,4439,.541,1347,1754,.768,925,2671,3596,2081,582,457,1183,1675,9140
IND,2022,Team/G,,242.4,41.4,89.5,.463,12.2,35.4,.344,29.3,54.1,.541,16.4,21.4,.768,11.3,32.6,43.9,25.4,7.1,5.6,14.4,20.4,111.5
IND,2022,Lg Rank,,3,12,7,17,16,15,25,9,11,13,20,18,19,5,26,21,9,24,4,23,24,14
IND,2022,Year/Year,,0.0%,-4.2%,-1.9%,-.011,-1.5%,4.1%,-.020,-5.3%,-5.4%,+.001,-0.0%,3.2%,-.024,25.3%,-3.2%,2.8%,-7.4%,-16.4%,-12.8%,6.5%,1.2%,-3.3%
IND,2022,Opponent,82,19880,3485,7212,.483,985,2645,.372,2500,4567,.547,1470,1845,.797,833,2702,3535,2058,664,401,1087,1575,9425
IND,2022,Opponent/G,,242.4,42.5,88.0,.483,12.0,32.3,.372,30.5,55.7,.547,17.9,22.5,.797,10.2,33.0,43.1,25.1,8.1,4.9,13.3,19.2,114.9
IND,2022,Lg Rank,,3,27,14,30,11,4,30,29,27,26,24,20,29,12,7,8,18,24,20,19,22,26
IND,2022,Year/Year,,0.0%,-0.5%,-3.7%,+.015,4.5%,2.5%,+.007,-2.4%,-7.0%,+.026,-2.6%,-4.4%,+.015,-10.0%,-7.1%,-7.8%,-3.7%,9.0%,-7.6%,-10.5%,5.9%,-0.4%
LAC,2022,,G,MP,FG,FGA,FG%,3P,3PA,3P%,2P,2PA,2P%,FT,FTA,FT%,ORB,DRB,TRB,AST,STL,BLK,TOV,PF,PTS
LAC,2022,Team,82,19780,3285,7170,.458,1047,2802,.374,2238,4368,.512,1273,1606,.793,747,2860,3607,1969,608,406,1126,1528,8890
LAC,2022,Team/G,,241.2,40.1,87.4,.458,12.8,34.2,.374,27.3,53.3,.512,15.5,19.6,.793,9.1,34.9,44.0,24.0,7.4,5.0,13.7,18.6,108.4
LAC,2022,Lg Rank,,13,20,17,21,12,20,3,19,14,25,27,30,9,26,10,19,16,15,8,14,6,23
LAC,2022,Year/Year,,0.5%,-4.1%,0.9%,-.024,-10.5%,-1.5%,-.037,-0.9%,2.4%,-.017,-4.0%,1.7%,-.047,-3.3%,0.4%,-0.4%,-1.5%,4.9%,20.8%,4.1%,-3.0%,-4.9%
LAC,2022,Opponent,82,19780,3343,7432,.450,958,2780,.345,2385,4652,.513,1244,1606,.775,984,2881,3865,1975,631,339,1113,1515,8888
LAC,2022,Opponent/G,,241.2,40.8,90.6,.450,11.7,33.9,.345,29.1,56.7,.513,15.2,19.6,.775,12.0,35.1,47.1,24.1,7.7,4.1,13.6,18.5,108.4
LAC,2022,Lg Rank,,13,16,29,6,5,9,7,22,28,4,4,3,16,30,23,28,11,18,6,15,26,11
LAC,2022,Year/Year,,0.5%,1.7%,4.9%,-.014,1.0%,4.3%,-.011,2.0%,5.2%,-.016,-5.6%,-5.3%,-.002,31.1%,9.7%,14.4%,5.1%,8.6%,-2.1%,5.7%,2.1%,0.5%
LAL,2022,,G,MP,FG,FGA,FG%,3P,3PA,3P%,2P,2PA,2P%,FT,FTA,FT%,ORB,DRB,TRB,AST,STL,BLK,TOV,PF,PTS
LAL,2022,Team,82,19980,3415,7279,.469,982,2826,.347,2433,4453,.546,1380,1884,.732,782,2826,3608,1968,626,425,1191,1654,9192
LAL,2022,Team/G,,243.7,41.6,88.8,.469,12.0,34.5,.347,29.7,54.3,.546,16.8,23.0,.732,9.5,34.5,44.0,24.0,7.6,5.2,14.5,20.2,112.1
LAL,2022,Lg Rank,,1,9,10,8,18,17,22,7,10,7,17,9,29,23,12,18,17,11,7,27,21,11
LAL,2022,Year/Year,,0.5%,2.5%,3.1%,-.003,8.3%,10.4%,-.007,0.3%,-1.0%,+.007,-2.4%,-1.5%,-.007,-1.2%,-0.3%,-0.5%,-2.6%,-2.2%,-3.3%,-4.5%,5.5%,2.3%
LAL,2022,Opponent,82,19980,3491,7424,.470,1032,2935,.352,2459,4489,.548,1428,1911,.747,902,2920,3822,2154,684,338,1152,1647,9442
LAL,2022,Opponent/G,,243.7,42.6,90.5,.470,12.6,35.8,.352,30.0,54.7,.548,17.4,23.3,.747,11.0,35.6,46.6,26.3,8.3,4.1,14.0,20.1,115.1
LAL,2022,Lg Rank,,1,28,26,22,18,19,14,26,24,27,20,26,1,23,26,25,28,27,5,11,9,28
LAL,2022,Year/Year,,0.5%,7.1%,4.8%,+.010,10.8%,11.0%,-.001,5.6%,1.1%,+.024,9.6%,13.8%,-.028,24.9%,7.2%,10.9%,6.5%,1.3%,-9.2%,-7.6%,-5.5%,7.9%
MEM,2022,,G,MP,FG,FGA,FG%,3P,3PA,3P%,2P,2PA,2P%,FT,FTA,FT%,ORB,DRB,TRB,AST,STL,BLK,TOV,PF,PTS
MEM,2022,Team,82,19780,3571,7739,.461,945,2679,.353,2626,5060,.519,1393,1898,.734,1159,2873,4032,2131,800,533,1082,1620,9480
MEM,2022,Team/G,,241.2,43.5,94.4,.461,11.5,32.7,.353,32.0,61.7,.519,17.0,23.1,.734,14.1,35.0,49.2,26.0,9.8,6.5,13.2,19.8,115.6
MEM,2022,Lg Rank,,13,2,1,19,23,23,17,2,1,23,15,7,28,1,8,1,6,1,1,9,17,2
MEM,2022,Year/Year,,-0.2%,1.6%,2.8%,-.005,3.3%,4.2%,-.003,1.0%,2.1%,-.006,3.3%,8.5%,-.037,26.7%,-0.8%,5.8%,-3.5%,7.2%,28.6%,-0.7%,5.4%,2.0%
MEM,2022,Opponent,82,19780,3305,7269,.455,987,2828,.349,2318,4441,.522,1417,1837,.771,821,2706,3527,2047,588,496,1235,1625,9014
MEM,2022,Opponent/G,,241.2,40.3,88.6,.455,12.0,34.5,.349,28.3,54.2,.522,17.3,22.4,.771,10.0,33.0,43.0,25.0,7.2,6.0,15.1,19.8,109.9
MEM,2022,Lg Rank,,13,12,17,10,12,12,11,17,22,7,18,19,13,11,9,7,16,7,30,3,14,12
MEM,2022,Year/Year,,-0.2%,-1.7%,-0.1%,-.008,-6.4%,-1.7%,-.018,0.4%,1.0%,-.003,-0.5%,1.6%,-.016,2.4%,-5.5%,-3.8%,-1.6%,-6.5%,15.5%,1.5%,8.3%,-2.1%
MIA,2022,,G,MP,FG,FGA,FG%,3P,3PA,3P%,2P,2PA,2P%,FT,FTA,FT%,ORB,DRB,TRB,AST,STL,BLK,TOV,PF,PTS
MIA,2022,Team,82,19855,3246,6954,.467,1114,2936,.379,2132,4018,.531,1416,1753,.808,807,2778,3585,2090,606,265,1194,1679,9022
MIA,2022,Team/G,,242.1,39.6,84.8,.467,13.6,35.8,.379,26.0,49.0,.531,17.3,21.4,.808,9.8,33.9,43.7,25.5,7.4,3.2,14.6,20.5,110.0
MIA,2022,Lg Rank,,5,22,28,13,6,14,1,27,26,17,12,19,5,18,18,22,8,16,30,28,25,17
MIA,2022,Year/Year,,0.3%,0.9%,1.3%,-.002,5.0%,-1.1%,+.022,-1.1%,3.1%,-.022,3.5%,1.3%,+.018,22.4%,1.3%,5.3%,-3.2%,-6.5%,-18.6%,3.5%,8.2%,1.8%
MIA,2022,Opponent,82,19855,3078,6886,.447,1064,3138,.339,2014,3748,.537,1437,1845,.779,783,2634,3417,1908,608,330,1228,1686,8657
MIA,2022,Opponent/G,,242.1,37.5,84.0,.447,13.0,38.3,.339,24.6,45.7,.537,17.5,22.5,.779,9.5,32.1,41.7,23.3,7.4,4.0,15.0,20.6,105.6
MIA,2022,Lg Rank,,5,1,1,4,22,27,2,1,1,17,23,20,20,5,2,2,4,14,4,5,3,4
MIA,2022,Year/Year,,0.3%,-4.0%,-1.5%,-.012,-9.0%,-2.1%,-.026,-1.1%,-1.0%,-.001,12.5%,12.9%,-.003,0.5%,-3.8%,-2.8%,-9.8%,-1.3%,1.0%,-0.6%,4.7%,-2.3%
MIL,2022,,G,MP,FG,FGA,FG%,3P,3PA,3P%,2P,2PA,2P%,FT,FTA,FT%,ORB,DRB,TRB,AST,STL,BLK,TOV,PF,PTS
MIL,2022,Team,82,19755,3429,7331,.468,1153,3151,.366,2276,4180,.544,1459,1881,.776,840,2990,3830,1960,623,326,1100,1494,9470
MIL,2022,Team/G,,240.9,41.8,89.4,.468,14.1,38.4,.366,27.8,51.0,.544,17.8,22.9,.776,10.2,36.5,46.7,23.9,7.6,4.0,13.4,18.2,115.5
MIL,2022,Lg Rank,,19,6,8,12,4,5,5,17,20,8,8,10,15,15,1,2,18,13,27,12,3,3
MIL,2022,Year/Year,,0.1%,-6.5%,-2.6%,-.020,-2.5%,3.7%,-.023,-8.5%,-6.9%,-.009,9.6%,7.3%,+.016,-0.5%,-3.6%,-2.9%,-6.2%,-6.5%,-14.3%,-2.9%,5.5%,-3.9%
MIL,2022,Opponent,82,19755,3391,7431,.456,1186,3328,.356,2205,4103,.537,1227,1634,.751,812,2805,3617,2122,606,357,1070,1612,9195
MIL,2022,Opponent/G,,240.9,41.4,90.6,.456,14.5,40.6,.356,26.9,50.0,.537,15.0,19.9,.751,9.9,34.2,44.1,25.9,7.4,4.4,13.0,19.7,112.1
MIL,2022,Lg Rank,,19,21,28,11,30,30,19,6,7,18,2,5,2,10,18,16,25,12,9,25,17,19
MIL,2022,Year/Year,,0.1%,-2.4%,-2.4%,-.000,-2.5%,5.2%,-.028,-2.4%,-7.9%,+.030,2.3%,6.3%,-.029,2.9%,1.1%,1.5%,3.3%,5.0%,-9.9%,-0.8%,7.2%,-1.8%
MIN,2022,,G,MP,FG,FGA,FG%,3P,3PA,3P%,2P,2PA,2P%,FT,FTA,FT%,ORB,DRB,TRB,AST,STL,BLK,TOV,PF,PTS
MIN,2022,Team,82,19780,3411,7458,.457,1211,3386,.358,2200,4072,.540,1474,1894,.778,921,2700,3621,2106,721,460,1175,1786,9507
MIN,2022,Team/G,,241.2,41.6,91.0,.457,14.8,41.3,.358,26.8,49.7,.540,18.0,23.1,.778,11.2,32.9,44.2,25.7,8.8,5.6,14.3,21.8,115.9
MIN,2022,Lg Rank,,13,10,5,22,1,1,12,21,24,14,4,8,14,6,25,16,7,3,3,21,29,1
MIN,2022,Year/Year,,-0.2%,2.1%,0.0%,+.009,12.6%,9.9%,+.009,-2.8%,-6.9%,+.023,2.3%,0.1%,+.017,6.8%,-0.2%,1.5%,0.2%,0.2%,1.5%,0.5%,4.1%,3.4%
MIN,2022,Opponent,82,19780,3298,7163,.460,1071,3062,.350,2227,4101,.543,1624,2081,.780,904,2858,3762,2149,593,397,1339,1715,9291
MIN,2022,Opponent/G,,241.2,40.2,87.4,.460,13.1,37.3,.350,27.2,50.0,.543,19.8,25.4,.780,11.0,34.9,45.9,26.2,7.2,4.8,16.3,20.9,113.3
MIN,2022,Lg Rank,,13,10,11,16,25,26,12,7,6,22,30,30,21,24,21,23,27,8,19,1,2,24
MIN,2022,Year/Year,,-0.2%,-6.5%,-2.1%,-.022,-0.5%,11.5%,-.042,-9.2%,-10.3%,+.007,7.1%,7.8%,-.005,10.6%,-2.7%,0.2%,-2.3%,-5.3%,-12.4%,6.7%,5.2%,-3.7%
NOP,2022,,G,MP,FG,FGA,FG%,3P,3PA,3P%,2P,2PA,2P%,FT,FTA,FT%,ORB,DRB,TRB,AST,STL,BLK,TOV,PF,PTS
NOP,2022,Team,82,19755,3294,7212,.457,873,2629,.332,2421,4583,.528,1501,1903,.789,981,2726,3707,2047,680,328,1153,1612,8962
NOP,2022,Team/G,,240.9,40.2,88.0,.457,10.6,32.1,.332,29.5,55.9,.528,18.3,23.2,.789,12.0,33.2,45.2,25.0,8.3,4.0,14.1,19.7,109.3
NOP,2022,Lg Rank,,19,19,16,23,28,24,27,8,7,20,2,6,10,3,24,11,13,7,26,17,14,21
NOP,2022,Year/Year,,-0.5%,-5.5%,-1.2%,-.020,0.6%,5.4%,-.016,-7.5%,-4.7%,-.016,-3.7%,-11.0%,+.060,1.9%,-6.8%,-4.6%,-4.0%,9.6%,-8.6%,-3.8%,9.3%,-4.6%
NOP,2022,Opponent,82,19755,3301,7009,.471,1064,2913,.365,2237,4096,.546,1377,1753,.786,759,2666,3425,2039,605,391,1164,1681,9043
NOP,2022,Opponent/G,,240.9,40.3,85.5,.471,13.0,35.5,.365,27.3,50.0,.546,16.8,21.4,.786,9.3,32.5,41.8,24.9,7.4,4.8,14.2,20.5,110.3
NOP,2022,Lg Rank,,19,11,4,24,22,18,26,8,5,24,14,12,24,1,4,3,15,11,16,9,4,13
NOP,2022,Year/Year,,-0.5%,-3.9%,-4.3%,+.002,-10.4%,-6.8%,-.015,-0.4%,-2.4%,+.011,1.0%,1.5%,-.004,3.5%,-1.1%,-0.1%,-4.1%,-4.3%,-19.4%,6.4%,-3.8%,-4.0%
NYK,2022,,G,MP,FG,FGA,FG%,3P,3PA,3P%,2P,2PA,2P%,FT,FTA,FT%,ORB,DRB,TRB,AST,STL,BLK,TOV,PF,PTS
NYK,2022,Team,82,19780,3088,7069,.437,1082,3029,.357,2006,4040,.497,1473,1980,.744,941,2841,3782,1793,570,399,1087,1672,8731
NYK,2022,Team/G,,241.2,37.7,86.2,.437,13.2,36.9,.357,24.5,49.3,.497,18.0,24.1,.744,11.5,34.6,46.1,21.9,7.0,4.9,13.3,20.4,106.5
NYK,2022,Lg Rank,,13,30,24,27,9,10,13,30,25,30,5,2,26,4,11,4,30,27,13,10,23,26
NYK,2022,Year/Year,,-0.4%,-4.5%,-0.3%,-.019,12.2%,23.0%,-.034,-11.6%,-12.7%,+.006,9.5%,15.4%,-.040,18.7%,-2.3%,2.2%,2.2%,-1.3%,-4.0%,2.4%,-0.3%,-0.5%
NYK,2022,Opponent,82,19780,3154,7050,.447,1038,3032,.342,2116,4018,.527,1395,1826,.764,766,2812,3578,1982,572,379,1039,1671,8741
NYK,2022,Opponent/G,,241.2,38.5,86.0,.447,12.7,37.0,.342,25.8,49.0,.527,17.0,22.3,.764,9.3,34.3,43.6,24.2,7.0,4.6,12.7,20.4,106.6
NYK,2022,Lg Rank,,13,4,6,5,19,24,6,3,3,11,16,17,8,3,19,10,13,3,13,28,5,6
NYK,2022,Year/Year,,-0.4%,1.4%,-0.3%,+.008,5.5%,3.8%,+.006,-0.4%,-3.2%,+.015,0.7%,0.3%,+.003,-3.2%,-0.4%,-1.0%,2.6%,6.4%,-14.9%,-0.6%,14.1%,1.8%
OKC,2022,,G,MP,FG,FGA,FG%,3P,3PA,3P%,2P,2PA,2P%,FT,FTA,FT%,ORB,DRB,TRB,AST,STL,BLK,TOV,PF,PTS
OKC,2022,Team,82,19805,3141,7310,.430,991,3066,.323,2150,4244,.507,1233,1632,.756,854,2887,3741,1822,622,380,1145,1497,8506
OKC,2022,Team/G,,241.5,38.3,89.1,.430,12.1,37.4,.323,26.2,51.8,.507,15.0,19.9,.756,10.4,35.2,45.6,22.2,7.6,4.6,14.0,18.3,103.7
OKC,2022,Lg Rank,,8,27,9,30,17,7,30,22,18,27,30,28,24,12,6,6,28,14,16,15,4,30
OKC,2022,Year/Year,,0.2%,-1.3%,1.3%,-.011,1.5%,6.4%,-.016,-2.6%,-2.2%,-.002,-2.7%,-6.7%,+.031,4.9%,-1.3%,0.1%,0.7%,8.4%,5.6%,-13.5%,0.7%,-1.2%
OKC,2022,Opponent,82,19805,3398,7421,.458,1118,3171,.353,2280,4250,.536,1256,1629,.771,906,3060,3966,2142,695,490,1085,1463,9170
OKC,2022,Opponent/G,,241.5,41.4,90.5,.458,13.6,38.7,.353,27.8,51.8,.536,15.3,19.9,.771,11.0,37.3,48.4,26.1,8.5,6.0,13.2,17.8,111.8
OKC,2022,Lg Rank,,8,23,25,13,27,29,15,13,10,16,5,4,12,25,30,30,26,29,29,21,30,15
OKC,2022,Year/Year,,0.2%,-4.5%,-1.3%,-.015,0.4%,3.6%,-.011,-6.7%,-4.7%,-.011,0.1%,0.3%,-.002,9.1%,0.9%,2.7%,1.3%,-5.7%,13.8%,1.1%,-3.8%,-3.3%
ORL,2022,,G,MP,FG,FGA,FG%,3P,3PA,3P%,2P,2PA,2P%,FT,FTA,FT%,ORB,DRB,TRB,AST,STL,BLK,TOV,PF,PTS
ORL,2022,Team,82,19780,3139,7240,.434,999,3022,.331,2140,4218,.507,1270,1614,.787,746,2885,3631,1947,555,367,1188,1612,8547
ORL,2022,Team/G,,241.2,38.3,88.3,.434,12.2,36.9,.331,26.1,51.4,.507,15.5,19.7,.787,9.1,35.2,44.3,23.7,6.8,4.5,14.5,19.7,104.2
ORL,2022,Lg Rank,,13,28,14,28,15,11,28,25,19,26,28,29,11,27,7,14,20,28,20,25,14,29
ORL,2022,Year/Year,,0.2%,0.1%,-1.0%,+.005,11.9%,16.0%,-.012,-4.6%,-10.4%,+.031,-6.8%,-8.2%,+.012,-12.3%,0.3%,-2.6%,8.8%,-1.8%,1.3%,12.9%,14.4%,0.2%
ORL,2022,Opponent,82,19780,3346,7300,.458,1082,2979,.363,2264,4321,.524,1429,1851,.772,852,3014,3866,2034,655,428,1079,1501,9203
ORL,2022,Opponent/G,,241.2,40.8,89.0,.458,13.2,36.3,.363,27.6,52.7,.524,17.4,22.6,.772,10.4,36.8,47.1,24.8,8.0,5.2,13.2,18.3,112.2
ORL,2022,Lg Rank,,13,17,20,14,26,23,24,11,11,10,21,22,14,18,29,29,14,23,27,22,27,20
ORL,2022,Year/Year,,0.2%,-3.3%,-0.7%,-.012,-3.7%,-1.3%,-.009,-3.1%,-0.3%,-.015,14.8%,16.9%,-.014,6.3%,-2.2%,-0.5%,-4.7%,4.9%,-2.1%,3.3%,-1.9%,-0.9%
PHI,2022,,G,MP,FG,FGA,FG%,3P,3PA,3P%,2P,2PA,2P%,FT,FTA,FT%,ORB,DRB,TRB,AST,STL,BLK,TOV,PF,PTS
PHI,2022,Team,82,19805,3230,6932,.466,950,2608,.364,2280,4324,.527,1605,1955,.821,700,2770,3470,1945,633,435,1027,1590,9015
PHI,2022,Team/G,,241.5,39.4,84.5,.466,11.6,31.8,.364,27.8,52.7,.527,19.6,23.8,.821,8.5,33.8,42.3,23.7,7.7,5.3,12.5,19.4,109.9
PHI,2022,Lg Rank,,8,23,30,16,22,27,7,16,16,21,1,3,1,30,19,29,21,9,6,4,12,18
PHI,2022,Year/Year,,-0.2%,-4.9%,-2.7%,-.010,2.9%,5.6%,-.010,-7.7%,-7.1%,-.004,0.0%,-6.5%,+.054,-14.9%,-3.6%,-6.1%,0.1%,-15.1%,-14.6%,-13.3%,-4.1%,-3.3%
PHI,2022,Opponent,82,19805,3253,7097,.458,931,2692,.346,2322,4405,.527,1364,1773,.769,838,2784,3622,1932,542,379,1087,1594,8801
PHI,2022,Opponent/G,,241.5,39.7,86.5,.458,11.4,32.8,.346,28.3,53.7,.527,16.6,21.6,.769,10.2,34.0,44.2,23.6,6.6,4.6,13.3,19.4,107.3
PHI,2022,Lg Rank,,8,9,8,15,2,6,9,19,16,12,12,13,11,13,15,17,7,1,13,19,19,8
PHI,2022,Year/Year,,-0.2%,0.8%,-0.4%,+.005,-4.6%,-0.6%,-.015,3.1%,-0.3%,+.017,-4.4%,-5.1%,+.005,4.8%,2.4%,2.9%,0.1%,-8.7%,-0.7%,-14.9%,-7.2%,-0.7%
PHO,2022,,G,MP,FG,FGA,FG%,3P,3PA,3P%,2P,2PA,2P%,FT,FTA,FT%,ORB,DRB,TRB,AST,STL,BLK,TOV,PF,PTS
PHO,2022,Team,82,19730,3581,7389,.485,951,2616,.364,2630,4773,.551,1303,1635,.797,801,2913,3714,2244,702,359,1060,1633,9416
PHO,2022,Team/G,,240.6,43.7,90.1,.485,11.6,31.9,.364,32.1,58.2,.551,15.9,19.9,.797,9.8,35.5,45.3,27.4,8.6,4.4,12.9,19.9,114.8
PHO,2022,Lg Rank,,24,1,6,1,21,26,9,1,3,4,24,27,7,19,5,10,4,6,22,7,19,5
PHO,2022,Year/Year,,-0.9%,0.8%,2.1%,-.006,-11.2%,-7.8%,-.014,6.0%,8.4%,-.012,1.8%,6.6%,-.038,11.6%,3.9%,5.5%,1.6%,19.2%,1.0%,3.2%,4.4%,-0.4%
PHO,2022,Opponent,82,19730,3216,7243,.444,953,2805,.340,2263,4438,.510,1416,1861,.761,863,2783,3646,1875,614,327,1206,1553,8801
PHO,2022,Opponent/G,,240.6,39.2,88.3,.444,11.6,34.2,.340,27.6,54.1,.510,17.3,22.7,.761,10.5,33.9,44.5,22.9,7.5,4.0,14.7,18.9,107.3
PHO,2022,Lg Rank,,24,7,16,3,4,10,5,10,21,3,17,23,6,21,14,19,2,15,3,6,24,8
PHO,2022,Year/Year,,-0.9%,-3.2%,1.8%,-.023,0.1%,4.4%,-.015,-4.5%,0.2%,-.025,2.5%,4.7%,-.017,12.4%,1.8%,4.1%,-0.3%,8.3%,11.3%,7.9%,5.4%,-1.9%
POR,2022,,G,MP,FG,FGA,FG%,3P,3PA,3P%,2P,2PA,2P%,FT,FTA,FT%,ORB,DRB,TRB,AST,STL,BLK,TOV,PF,PTS
POR,2022,Team,82,19730,3161,7144,.442,1043,3017,.346,2118,4127,.513,1346,1771,.760,854,2661,3515,1880,657,366,1187,1728,8711
POR,2022,Team/G,,240.6,38.5,87.1,.442,12.7,36.8,.346,25.8,50.3,.513,16.4,21.6,.760,10.4,32.5,42.9,22.9,8.0,4.5,14.5,21.1,106.2
POR,2022,Lg Rank,,24,26,19,26,13,12,23,29,22,24,21,16,22,12,27,27,26,8,21,24,28,27
POR,2022,Year/Year,,0.1%,-6.6%,-4.3%,-.011,-19.1%,-9.9%,-.039,1.0%,0.1%,+.005,-7.8%,-0.2%,-.063,-2.1%,-4.3%,-3.8%,7.8%,16.3%,-11.5%,30.4%,11.4%,-8.5%
POR,2022,Opponent,82,19730,3373,7045,.479,1129,3046,.371,2244,3999,.561,1564,2014,.777,800,2868,3668,2184,672,409,1150,1589,9439
POR,2022,Opponent/G,,240.6,41.1,85.9,.479,13.8,37.1,.371,27.4,48.8,.561,19.1,24.6,.777,9.8,35.0,44.7,26.6,8.2,5.0,14.0,19.4,115.1
POR,2022,Lg Rank,,24,19,5,27,28,25,28,9,2,29,28,28,18,8,22,20,30,26,23,12,21,27
POR,2022,Year/Year,,0.1%,-1.5%,-2.7%,+.006,6.8%,7.2%,-.001,-5.2%,-9.1%,+.023,6.5%,8.0%,-.010,-1.1%,-1.6%,-1.4%,6.9%,34.1%,7.8%,13.2%,1.5%,0.7%
SAC,2022,,G,MP,FG,FGA,FG%,3P,3PA,3P%,2P,2PA,2P%,FT,FTA,FT%,ORB,DRB,TRB,AST,STL,BLK,TOV,PF,PTS
SAC,2022,Team,82,19805,3321,7223,.460,937,2722,.344,2384,4501,.530,1466,1908,.768,784,2737,3521,1943,588,369,1156,1552,9045
SAC,2022,Team/G,,241.5,40.5,88.1,.460,11.4,33.2,.344,29.1,54.9,.530,17.9,23.3,.768,9.6,33.4,42.9,23.7,7.2,4.5,14.1,18.9,110.3
SAC,2022,Lg Rank,,8,18,15,20,25,21,24,10,9,19,7,5,18,22,23,26,22,20,19,19,11,16
SAC,2022,Year/Year,,0.5%,-4.9%,-0.6%,-.021,-5.9%,-0.4%,-.020,-4.5%,-0.8%,-.021,9.0%,5.7%,+.023,2.1%,4.2%,3.7%,-7.1%,-4.9%,-9.5%,5.4%,-2.7%,-3.0%
SAC,2022,Opponent,82,19805,3561,7429,.479,1065,2864,.372,2496,4565,.547,1306,1682,.776,866,2891,3757,2077,668,395,1106,1665,9493
SAC,2022,Opponent/G,,241.5,43.4,90.6,.479,13.0,34.9,.372,30.4,55.7,.547,15.9,20.5,.776,10.6,35.3,45.8,25.3,8.1,4.8,13.5,20.3,115.8
SAC,2022,Lg Rank,,8,29,27,28,24,16,29,28,26,25,8,7,17,22,24,22,21,25,18,16,7,29
SAC,2022,Year/Year,,0.5%,-0.4%,1.3%,-.008,4.7%,7.1%,-.008,-2.4%,-2.0%,-.003,-10.6%,-9.4%,-.010,-0.9%,2.0%,1.3%,0.0%,7.6%,3.2%,-1.7%,8.5%,-1.4%
SAS,2022,,G,MP,FG,FGA,FG%,3P,3PA,3P%,2P,2PA,2P%,FT,FTA,FT%,ORB,DRB,TRB,AST,STL,BLK,TOV,PF,PTS
SAS,2022,Team,82,19805,3546,7601,.467,925,2626,.352,2621,4975,.527,1262,1673,.754,901,2815,3716,2289,626,403,1042,1483,9279
SAS,2022,Team/G,,241.5,43.2,92.7,.467,11.3,32.0,.352,32.0,60.7,.527,15.4,20.4,.754,11.0,34.3,45.3,27.9,7.6,4.9,12.7,18.1,113.2
SAS,2022,Lg Rank,,8,3,2,14,26,25,18,3,2,22,29,25,25,7,13,9,2,11,10,5,2,8
SAS,2022,Year/Year,,-0.5%,3.3%,2.4%,+.004,13.4%,12.7%,+.002,0.1%,-2.3%,+.013,-11.6%,-7.3%,-.037,18.3%,-0.7%,3.3%,14.3%,8.8%,-3.3%,11.4%,0.7%,1.9%
SAS,2022,Opponent,82,19805,3482,7475,.466,992,2756,.360,2490,4719,.528,1313,1711,.767,933,2902,3835,1970,601,403,1131,1553,9269
SAS,2022,Opponent/G,,241.5,42.5,91.2,.466,12.1,33.6,.360,30.4,57.5,.528,16.0,20.9,.767,11.4,35.4,46.8,24.0,7.3,4.9,13.8,18.9,113.0
SAS,2022,Lg Rank,,8,26,30,19,13,8,20,27,30,14,9,10,10,29,25,26,10,10,21,14,24,23
SAS,2022,Year/Year,,-0.5%,0.1%,1.5%,-.006,-1.6%,3.0%,-.017,0.8%,0.6%,+.001,2.2%,0.9%,+.010,11.9%,-5.0%,-1.3%,-3.0%,16.2%,-4.1%,4.6%,1.9%,0.2%
TOR,2022,,G,MP,FG,FGA,FG%,3P,3PA,3P%,2P,2PA,2P%,FT,FTA,FT%,ORB,DRB,TRB,AST,STL,BLK,TOV,PF,PTS
TOR,2022,Team,82,19855,3332,7489,.445,979,2808,.349,2353,4681,.503,1327,1749,.759,1095,2622,3717,1809,738,376,1021,1607,8970
TOR,2022,Team/G,,242.1,40.6,91.3,.445,11.9,34.2,.349,28.7,57.1,.503,16.2,21.3,.759,13.4,32.0,45.3,22.1,9.0,4.6,12.5,19.6,109.4
TOR,2022,Lg Rank,,5,14,4,25,19,19,20,13,5,28,23,21,23,2,30,8,29,2,17,2,13,20
TOR,2022,Year/Year,,0.7%,2.3%,3.0%,-.003,-17.4%,-12.9%,-.019,13.6%,15.7%,-.009,-6.9%,-0.0%,-.056,41.4%,-0.5%,9.0%,-8.5%,4.9%,-15.1%,-5.8%,-7.5%,-1.7%
TOR,2022,Opponent,82,19855,3197,6919,.462,1014,2861,.354,2183,4058,.538,1374,1742,.789,847,2764,3611,2076,549,416,1298,1563,8782
TOR,2022,Opponent/G,,242.1,39.0,84.4,.462,12.4,34.9,.354,26.6,49.5,.538,16.8,21.2,.789,10.3,33.7,44.0,25.3,6.7,5.1,15.8,19.1,107.1
TOR,2022,Lg Rank,,5,5,2,17,16,15,18,5,4,19,13,11,26,16,12,14,20,2,25,2,23,7
TOR,2022,Year/Year,,0.7%,-0.1%,-0.4%,+.001,-11.1%,-4.9%,-.025,6.0%,3.0%,+.015,-15.4%,-14.3%,-.010,3.3%,-6.0%,-4.0%,-2.6%,1.1%,-9.1%,-1.8%,-2.3%,-4.2%
UTA,2022,,G,MP,FG,FGA,FG%,3P,3PA,3P%,2P,2PA,2P%,FT,FTA,FT%,ORB,DRB,TRB,AST,STL,BLK,TOV,PF,PTS
UTA,2022,Team,82,19730,3327,7067,.471,1192,3308,.360,2135,3759,.568,1470,1916,.767,884,2916,3800,1836,588,402,1149,1547,9316
UTA,2022,Team/G,,240.6,40.6,86.2,.471,14.5,40.3,.360,26.0,45.8,.568,17.9,23.4,.767,10.8,35.6,46.3,22.4,7.2,4.9,14.0,18.9,113.6
UTA,2022,Lg Rank,,24,15,25,6,2,2,11,26,30,2,6,4,20,10,3,3,27,20,11,16,10,7
UTA,2022,Year/Year,,-0.2%,-1.7%,-2.2%,+.002,-13.1%,-6.2%,-.029,6.2%,1.7%,+.024,4.5%,8.8%,-.032,1.5%,-5.5%,-4.0%,-5.3%,8.9%,-4.9%,-1.4%,1.7%,-2.4%
UTA,2022,Opponent,82,19730,3314,7318,.453,994,2837,.350,2320,4481,.518,1199,1581,.758,809,2599,3408,1917,636,352,982,1664,8821
UTA,2022,Opponent/G,,240.6,40.4,89.2,.453,12.1,34.6,.350,28.3,54.6,.518,14.6,19.3,.758,9.9,31.7,41.6,23.4,7.8,4.3,12.0,20.3,107.6
UTA,2022,Lg Rank,,24,13,21,9,14,13,13,18,23,6,1,1,4,9,1,1,5,19,8,29,8,10
UTA,2022,Year/Year,,-0.2%,-1.1%,-2.4%,+.006,11.5%,8.6%,+.009,-5.7%,-8.2%,+.014,0.6%,1.8%,-.009,0.6%,-3.4%,-2.5%,4.9%,0.8%,9.6%,4.3%,7.0%,0.4%
WAS,2022,,G,MP,FG,FGA,FG%,3P,3PA,3P%,2P,2PA,2P%,FT,FTA,FT%,ORB,DRB,TRB,AST,STL,BLK,TOV,PF,PTS
WAS,2022,Team,82,19830,3327,7056,.472,860,2512,.342,2467,4544,.543,1393,1778,.783,737,2798,3535,2052,522,406,1077,1545,8907
WAS,2022,Team/G,,241.8,40.6,86.0,.472,10.5,30.6,.342,30.1,55.4,.543,17.0,21.7,.783,9.0,34.1,43.1,25.0,6.4,5.0,13.1,18.8,108.6
WAS,2022,Lg Rank,,7,15,26,5,30,29,26,6,8,9,15,15,12,28,14,23,12,30,8,8,9,22
WAS,2022,Year/Year,,0.0%,-6.0%,-5.4%,-.003,3.0%,5.6%,-.009,-8.8%,-10.5%,+.010,-15.6%,-17.1%,+.014,-7.2%,-3.9%,-4.6%,-1.8%,-13.2%,20.0%,-8.8%,-12.8%,-6.9%
WAS,2022,Opponent,82,19830,3384,7287,.464,941,2607,.361,2443,4680,.522,1475,1828,.807,840,2786,3626,1941,598,344,972,1634,9184
WAS,2022,Opponent/G,,241.8,41.3,88.9,.464,11.5,31.8,.361,29.8,57.1,.522,18.0,22.3,.807,10.2,34.0,44.2,23.7,7.3,4.2,11.9,19.9,112.0
WAS,2022,Lg Rank,,7,20,18,18,3,1,21,25,29,8,25,18,30,15,16,18,8,9,7,30,12,16
WAS,2022,Year/Year,,0.0%,-4.2%,-3.0%,-.006,-7.8%,-5.6%,-.009,-2.8%,-1.4%,-.007,-9.3%,-12.2%,+.026,-0.1%,-5.2%,-4.0%,-3.3%,-10.5%,-13.2%,-19.2%,-9.5%,-5.5%
ATL,2023,,G,MP,FG,FGA,FG%,3P,3PA,3P%,2P,2PA,2P%,FT,FTA,FT%,ORB,DRB,TRB,AST,STL,BLK,TOV,PF,PTS
ATL,2023,Team,82,19855,3658,7574,.483,882,2505,.352,2776,5069,.548,1513,1850,.818,920,2719,3639,2049,580,401,1060,1541,9711
ATL,2023,Team/G,,242.1,44.6,92.4,.483,10.8,30.5,.352,33.9,61.8,.548,18.5,22.6,.818,11.2,33.2,44.4,25.0,7.1,4.9,12.9,18.8,118.4
ATL,2023,Lg Rank,,8,1,3,9,26,28,21,1,1,17,16,20,3,9,12,10,18,18,12,3,6,3
ATL,2023,Year/Year,,0.8%,7.6%,4.6%,+.013,-16.5%,-11.2%,-.022,18.4%,14.7%,+.017,1.9%,1.1%,+.006,11.8%,-2.3%,0.9%,1.6%,-1.2%,15.2%,9.1%,0.5%,3.9%
ATL,2023,Opponent,82,19855,3592,7398,.486,979,2748,.356,2613,4650,.562,1524,1899,.803,866,2751,3617,2131,616,414,1162,1612,9687
ATL,2023,Opponent/G,,242.1,43.8,90.2,.486,11.9,33.5,.356,31.9,56.7,.562,18.6,23.2,.803,10.6,33.5,44.1,26.0,7.5,5.0,14.2,19.7,118.1
ATL,2023,Lg Rank,,8,28,25,25,8,16,10,29,25,21,18,13,30,17,21,19,22,18,21,16,19,26
ATL,2023,Year/Year,,0.8%,4.6%,1.4%,+.015,-6.9%,-4.8%,-.008,9.6%,5.5%,+.021,17.8%,16.2%,+.011,3.3%,-0.3%,0.6%,2.2%,6.9%,12.8%,11.1%,-3.4%,5.1%
BOS,2023,,G,MP,FG,FGA,FG%,3P,3PA,3P%,2P,2PA,2P%,FT,FTA,FT%,ORB,DRB,TRB,AST,STL,BLK,TOV,PF,PTS
BOS,2023,Team,82,19980,3460,7278,.475,1315,3492,.377,2145,3786,.567,1436,1769,.812,796,2921,3717,2186,521,430,1095,1542,9671
BOS,2023,Team/G,,243.7,42.2,88.8,.475,16.0,42.6,.377,26.2,46.2,.567,17.5,21.6,.812,9.7,35.6,45.3,26.7,6.4,5.2,13.4,18.8,117.9
BOS,2023,Lg Rank,,1,13,15,14,2,2,6,29,29,5,24,28,4,20,3,7,7,27,6,7,7,4
BOS,2023,Year/Year,,0.4%,3.6%,1.5%,+.009,21.2%,14.7%,+.020,-4.9%,-8.2%,+.019,2.8%,3.3%,-.004,-7.8%,0.2%,-1.6%,7.4%,-11.8%,-10.0%,-2.1%,1.4%,5.5%
BOS,2023,Opponent,82,19980,3425,7394,.463,954,2763,.345,2471,4631,.534,1332,1733,.769,799,2810,3609,1895,544,318,1040,1568,9136
BOS,2023,Opponent/G,,243.7,41.8,90.2,.463,11.6,33.7,.345,30.1,56.5,.534,16.2,21.1,.769,9.7,34.3,44.0,23.1,6.6,3.9,12.7,19.1,111.4
BOS,2023,Lg Rank,,1,13,24,5,6,17,4,17,24,7,2,4,3,8,26,18,2,5,4,26,25,5
BOS,2023,Year/Year,,0.4%,9.2%,2.4%,+.029,-1.5%,-3.4%,+.006,14.0%,6.2%,+.036,0.6%,2.4%,-.014,-6.9%,3.0%,0.7%,6.9%,-12.0%,-15.4%,-8.2%,-1.5%,6.6%
BRK,2023,,G,MP,FG,FGA,FG%,3P,3PA,3P%,2P,2PA,2P%,FT,FTA,FT%,ORB,DRB,TRB,AST,STL,BLK,TOV,PF,PTS
BRK,2023,Team,82,19730,3399,6978,.487,1048,2771,.378,2351,4207,.559,1449,1811,.800,674,2648,3322,2093,585,506,1127,1730,9295
BRK,2023,Team/G,,240.6,41.5,85.1,.487,12.8,33.8,.378,28.7,51.3,.559,17.7,22.1,.800,8.2,32.3,40.5,25.5,7.1,6.2,13.7,21.1,113.4
BRK,2023,Lg Rank,,29,21,28,7,9,13,5,20,22,10,19,25,7,29,20,29,13,16,1,14,25,20
BRK,2023,Year/Year,,-0.1%,-1.2%,-3.8%,+.012,11.5%,6.5%,+.017,-6.0%,-9.5%,+.021,1.0%,1.7%,-.005,-20.1%,-5.3%,-8.7%,1.1%,0.5%,12.9%,-2.3%,3.6%,0.4%
BRK,2023,Opponent,82,19730,3360,7257,.463,968,2640,.367,2392,4617,.518,1537,2003,.767,943,2758,3701,1916,575,317,1126,1517,9225
BRK,2023,Opponent/G,,240.6,41.0,88.5,.463,11.8,32.2,.367,29.2,56.3,.518,18.7,24.4,.767,11.5,33.6,45.1,23.4,7.0,3.9,13.7,18.5,112.5
BRK,2023,Lg Rank,,29,10,17,4,7,4,21,13,23,2,19,23,2,28,22,27,4,11,3,18,28,10
BRK,2023,Year/Year,,-0.1%,0.6%,-1.9%,+.011,-5.7%,-11.2%,+.022,3.4%,4.4%,-.005,3.3%,6.1%,-.021,1.8%,2.5%,2.4%,-1.9%,-11.5%,-21.3%,3.5%,-6.1%,0.3%
CHO,2023,,G,MP,FG,FGA,FG%,3P,3PA,3P%,2P,2PA,2P%,FT,FTA,FT%,ORB,DRB,TRB,AST,STL,BLK,TOV,PF,PTS
CHO,2023,Team,82,19830,3385,7413,.457,881,2669,.330,2504,4744,.528,1447,1933,.749,901,2751,3652,2062,634,425,1164,1661,9098
CHO,2023,Team/G,,241.8,41.3,90.4,.457,10.7,32.5,.330,30.5,57.9,.528,17.6,23.6,.749,11.0,33.5,44.5,25.1,7.7,5.2,14.2,20.3,111.0
CHO,2023,Lg Rank,,12,22,6,29,27,18,29,12,6,27,20,17,27,12,10,9,17,9,8,17,17,27
CHO,2023,Year/Year,,-0.3%,-3.5%,-1.1%,-.011,-22.9%,-14.7%,-.035,5.9%,8.6%,-.014,11.5%,10.3%,+.008,1.5%,-0.6%,-0.1%,-10.4%,-10.3%,5.7%,7.1%,2.0%,-3.8%
CHO,2023,Opponent,82,19830,3522,7391,.477,1004,2812,.357,2518,4579,.550,1562,1965,.795,895,2892,3787,2127,573,471,1177,1667,9610
CHO,2023,Opponent/G,,241.8,43.0,90.1,.477,12.2,34.3,.357,30.7,55.8,.550,19.0,24.0,.795,10.9,35.3,46.2,25.9,7.0,5.7,14.4,20.3,117.2
CHO,2023,Lg Rank,,12,22,23,19,15,19,14,23,21,15,22,19,25,22,30,29,21,10,29,12,13,22
CHO,2023,Year/Year,,-0.3%,2.3%,0.0%,+.010,-12.5%,-11.3%,-.005,9.7%,8.6%,+.006,12.8%,8.3%,+.032,-3.9%,-1.0%,-1.7%,-1.9%,-7.1%,24.9%,-4.2%,3.6%,2.0%
CHI,2023,,G,MP,FG,FGA,FG%,3P,3PA,3P%,2P,2PA,2P%,FT,FTA,FT%,ORB,DRB,TRB,AST,STL,BLK,TOV,PF,PTS
CHI,2023,Team,82,19905,3488,7116,.490,854,2367,.361,2634,4749,.555,1446,1788,.809,694,2779,3473,2006,644,371,1097,1551,9276
CHI,2023,Team/G,,242.7,42.5,86.8,.490,10.4,28.9,.361,32.1,57.9,.555,17.6,21.8,.809,8.5,33.9,42.4,24.5,7.9,4.5,13.4,18.9,113.1
CHI,2023,Lg Rank,,4,11,21,4,30,30,16,2,5,13,21,26,5,28,9,22,20,7,19,8,8,22
CHI,2023,Year/Year,,0.9%,1.9%,-0.2%,+.010,-2.1%,0.1%,-.008,3.3%,-0.3%,+.019,0.7%,1.2%,-.004,-2.4%,0.7%,0.1%,2.5%,10.1%,10.4%,4.2%,0.7%,1.4%
CHI,2023,Opponent,82,19905,3339,7142,.468,1086,3042,.357,2253,4100,.550,1406,1806,.779,791,2763,3554,2131,546,389,1234,1537,9170
CHI,2023,Opponent/G,,242.7,40.7,87.1,.468,13.2,37.1,.357,27.5,50.0,.550,17.1,22.0,.779,9.6,33.7,43.3,26.0,6.7,4.7,15.0,18.7,111.8
CHI,2023,Lg Rank,,4,6,9,8,29,29,13,2,5,14,5,6,13,5,23,16,22,6,18,8,27,7
CHI,2023,Year/Year,,0.9%,-1.7%,-0.4%,-.006,13.1%,16.1%,-.009,-7.6%,-9.9%,+.014,-1.7%,0.4%,-.016,3.5%,-0.5%,0.4%,4.0%,-6.5%,-5.1%,15.2%,3.2%,-0.2%
CLE,2023,,G,MP,FG,FGA,FG%,3P,3PA,3P%,2P,2PA,2P%,FT,FTA,FT%,ORB,DRB,TRB,AST,STL,BLK,TOV,PF,PTS
CLE,2023,Team,82,19880,3408,6984,.488,950,2589,.367,2458,4395,.559,1439,1844,.780,795,2574,3369,2045,586,384,1094,1560,9205
CLE,2023,Team/G,,242.4,41.6,85.2,.488,11.6,31.6,.367,30.0,53.6,.559,17.5,22.5,.780,9.7,31.4,41.1,24.9,7.1,4.7,13.3,19.0,112.3
CLE,2023,Lg Rank,,5,20,27,5,19,24,12,14,18,8,23,21,19,22,25,25,19,15,14,6,9,25
CLE,2023,Year/Year,,0.8%,4.7%,0.6%,+.019,-0.3%,-3.6%,+.012,6.8%,3.3%,+.018,4.6%,1.9%,+.020,-5.0%,-7.6%,-7.0%,-0.9%,1.0%,12.0%,-7.4%,8.9%,4.1%
CLE,2023,Opponent,82,19880,3201,6847,.468,924,2508,.368,2277,4339,.525,1438,1838,.782,801,2580,3381,1888,575,360,1284,1675,8764
CLE,2023,Opponent/G,,242.4,39.0,83.5,.468,11.3,30.6,.368,27.8,52.9,.525,17.5,22.4,.782,9.8,31.5,41.2,23.0,7.0,4.4,15.7,20.4,106.9
CLE,2023,Lg Rank,,5,1,3,7,2,1,23,5,10,4,8,8,19,9,3,3,1,11,13,4,10,1
CLE,2023,Year/Year,,0.8%,-1.1%,-4.3%,+.015,-3.8%,-7.8%,+.016,0.0%,-2.1%,+.011,16.6%,15.5%,+.008,-6.6%,-2.9%,-3.8%,-4.6%,-16.8%,-5.3%,16.6%,2.3%,1.1%
DAL,2023,,G,MP,FG,FGA,FG%,3P,3PA,3P%,2P,2PA,2P%,FT,FTA,FT%,ORB,DRB,TRB,AST,STL,BLK,TOV,PF,PTS
DAL,2023,Team,82,19930,3283,6909,.475,1246,3362,.371,2037,3547,.574,1554,2057,.755,625,2556,3181,1880,514,304,1002,1697,9366
DAL,2023,Team/G,,243.0,40.0,84.3,.475,15.2,41.0,.371,24.8,43.3,.574,19.0,25.1,.755,7.6,31.2,38.8,22.9,6.3,3.7,12.2,20.7,114.2
DAL,2023,Lg Rank,,3,28,29,15,3,3,8,30,30,3,12,6,23,30,27,30,28,29,28,2,23,16
DAL,2023,Year/Year,,0.9%,1.9%,-1.0%,+.014,16.1%,9.8%,+.020,-5.2%,-9.5%,+.026,15.9%,18.3%,-.016,-17.7%,-7.7%,-9.8%,-2.0%,-6.9%,-6.5%,-2.2%,5.3%,5.7%
DAL,2023,Opponent,82,19930,3425,7065,.485,913,2596,.352,2512,4469,.562,1597,2046,.781,830,2838,3668,2044,522,312,1075,1789,9360
DAL,2023,Opponent/G,,243.0,41.8,86.2,.485,11.1,31.7,.352,30.6,54.5,.562,19.5,25.0,.781,10.1,34.6,44.7,24.9,6.4,3.8,13.1,21.8,114.1
DAL,2023,Lg Rank,,3,13,6,24,1,2,7,22,15,22,25,24,15,10,28,23,8,3,2,23,1,16
DAL,2023,Year/Year,,0.9%,7.1%,0.9%,+.028,2.0%,-1.5%,+.012,9.1%,2.4%,+.035,23.2%,21.1%,+.013,6.4%,1.4%,2.5%,6.2%,-9.2%,4.0%,0.2%,8.8%,9.0%
DEN,2023,,G,MP,FG,FGA,FG%,3P,3PA,3P%,2P,2PA,2P%,FT,FTA,FT%,ORB,DRB,TRB,AST,STL,BLK,TOV,PF,PTS
DEN,2023,Team,82,19755,3574,7088,.504,969,2559,.379,2605,4529,.575,1378,1834,.751,828,2699,3527,2368,618,368,1192,1525,9495
DEN,2023,Team/G,,240.9,43.6,86.4,.504,11.8,31.2,.379,31.8,55.2,.575,16.8,22.4,.751,10.1,32.9,43.0,28.9,7.5,4.5,14.5,18.6,115.8
DEN,2023,Lg Rank,,25,3,22,1,18,25,4,5,12,2,27,24,26,17,15,19,2,11,20,20,4,12
DEN,2023,Year/Year,,-0.3%,4.6%,0.1%,+.022,-6.7%,-13.1%,+.026,9.6%,9.5%,+.000,0.4%,6.3%,-.044,10.1%,-5.8%,-2.5%,3.9%,4.4%,20.7%,0.3%,-7.0%,2.7%
DEN,2023,Opponent,82,19755,3423,7166,.478,933,2711,.344,2490,4455,.559,1443,1861,.775,832,2516,3348,2105,646,344,1105,1601,9222
DEN,2023,Opponent/G,,240.9,41.7,87.4,.478,11.4,33.1,.344,30.4,54.3,.559,17.6,22.7,.775,10.1,30.7,40.8,25.7,7.9,4.2,13.5,19.5,112.5
DEN,2023,Lg Rank,,25,12,10,20,3,8,3,18,13,19,9,9,9,12,1,1,16,25,11,21,23,8
DEN,2023,Year/Year,,-0.3%,1.7%,-0.0%,+.008,-3.9%,-3.4%,-.002,3.9%,2.1%,+.010,7.0%,4.4%,+.019,4.7%,-6.1%,-3.7%,1.1%,-0.5%,-12.2%,5.1%,-1.9%,1.9%
DET,2023,,G,MP,FG,FGA,FG%,3P,3PA,3P%,2P,2PA,2P%,FT,FTA,FT%,ORB,DRB,TRB,AST,STL,BLK,TOV,PF,PTS
DET,2023,Team,82,19805,3244,7140,.454,934,2659,.351,2310,4481,.516,1623,2106,.771,916,2564,3480,1884,574,308,1237,1813,9045
DET,2023,Team/G,,241.5,39.6,87.1,.454,11.4,32.4,.351,28.2,54.6,.516,19.8,25.7,.771,11.2,31.3,42.4,23.0,7.0,3.8,15.1,22.1,110.3
DET,2023,Lg Rank,,18,29,19,30,20,19,22,24,15,30,4,2,21,10,26,21,27,20,27,25,30,29
DET,2023,Year/Year,,0.1%,3.7%,-1.7%,+.024,1.0%,-6.3%,+.025,4.8%,1.2%,+.018,14.9%,16.6%,-.012,1.8%,-2.3%,-1.3%,-2.1%,-8.9%,-21.6%,6.4%,0.8%,5.2%
DET,2023,Opponent,82,19805,3533,7222,.489,984,2732,.360,2549,4490,.568,1669,2149,.777,901,2767,3668,2112,631,453,1108,1718,9719
DET,2023,Opponent/G,,241.5,43.1,88.1,.489,12.0,33.3,.360,31.1,54.8,.568,20.4,26.2,.777,11.0,33.7,44.7,25.8,7.7,5.5,13.5,21.0,118.5
DET,2023,Lg Rank,,18,24,12,26,9,11,16,26,16,28,29,30,12,23,24,23,18,20,27,19,3,27
DET,2023,Year/Year,,0.1%,6.0%,2.4%,+.017,1.9%,2.4%,-.002,7.7%,2.4%,+.028,4.5%,4.5%,-.000,6.4%,-6.1%,-3.3%,2.5%,4.1%,6.1%,-7.4%,5.7%,5.3%
GSW,2023,,G,MP,FG,FGA,FG%,3P,3PA,3P%,2P,2PA,2P%,FT,FTA,FT%,ORB,DRB,TRB,AST,STL,BLK,TOV,PF,PTS
GSW,2023,Team,82,19830,3538,7393,.479,1363,3540,.385,2175,3853,.564,1314,1655,.794,864,2793,3657,2446,588,323,1336,1757,9753
GSW,2023,Team/G,,241.8,43.1,90.2,.479,16.6,43.2,.385,26.5,47.0,.564,16.0,20.2,.794,10.5,34.1,44.6,29.8,7.2,3.9,16.3,21.4,118.9
GSW,2023,Lg Rank,,12,5,8,12,1,1,2,28,28,6,29,30,9,14,7,8,1,14,25,30,28,2
GSW,2023,Year/Year,,0.5%,6.5%,4.3%,+.010,15.9%,9.6%,+.021,1.3%,-0.1%,+.008,2.7%,-0.6%,+.025,8.0%,-4.7%,-2.0%,10.0%,-18.2%,-13.2%,9.4%,2.0%,7.2%
GSW,2023,Opponent,82,19830,3478,7423,.469,1060,2915,.364,2418,4508,.536,1589,2067,.769,880,2673,3553,2110,646,326,1172,1510,9605
GSW,2023,Opponent/G,,241.8,42.4,90.5,.469,12.9,35.5,.364,29.5,55.0,.536,19.4,25.2,.769,10.7,32.6,43.3,25.7,7.9,4.0,14.3,18.4,117.1
GSW,2023,Lg Rank,,12,18,26,9,24,21,18,14,18,9,24,25,4,20,11,15,17,25,6,13,30,21
GSW,2023,Year/Year,,0.5%,11.8%,4.6%,+.030,6.0%,-1.1%,+.024,14.5%,8.6%,+.028,11.4%,9.9%,+.010,11.1%,-1.2%,1.6%,12.5%,-0.5%,2.8%,-1.4%,2.4%,11.1%
HOU,2023,,G,MP,FG,FGA,FG%,3P,3PA,3P%,2P,2PA,2P%,FT,FTA,FT%,ORB,DRB,TRB,AST,STL,BLK,TOV,PF,PTS
HOU,2023,Team,82,19755,3329,7287,.457,856,2619,.327,2473,4668,.530,1567,2078,.754,1100,2695,3795,1835,600,374,1332,1679,9081
HOU,2023,Team/G,,240.9,40.6,88.9,.457,10.4,31.9,.327,30.2,56.9,.530,19.1,25.3,.754,13.4,32.9,46.3,22.4,7.3,4.6,16.2,20.5,110.7
HOU,2023,Lg Rank,,25,25,14,28,29,22,30,13,11,24,10,4,25,1,17,4,30,13,18,29,21,28
HOU,2023,Year/Year,,0.0%,3.1%,2.9%,+.001,-22.5%,-17.4%,-.022,16.4%,19.3%,-.013,9.3%,3.4%,+.041,39.9%,1.3%,10.1%,-5.0%,0.0%,-2.1%,-1.4%,-0.8%,0.9%
HOU,2023,Opponent,82,19755,3480,7226,.482,1189,3183,.374,2291,4043,.567,1576,1986,.794,861,2543,3404,2143,718,509,1079,1692,9725
HOU,2023,Opponent/G,,240.9,42.4,88.1,.482,14.5,38.8,.374,27.9,49.3,.567,19.2,24.2,.794,10.5,31.0,41.5,26.1,8.8,6.2,13.2,20.6,118.6
HOU,2023,Lg Rank,,25,19,13,21,30,30,27,6,2,24,23,21,24,16,2,4,24,30,30,22,6,28
HOU,2023,Year/Year,,0.0%,-2.3%,-2.0%,-.001,13.5%,7.3%,+.020,-8.9%,-8.3%,-.004,3.7%,2.2%,+.011,-5.9%,-10.2%,-9.1%,1.9%,-7.5%,7.4%,-6.6%,-6.6%,0.3%
IND,2023,,G,MP,FG,FGA,FG%,3P,3PA,3P%,2P,2PA,2P%,FT,FTA,FT%,ORB,DRB,TRB,AST,STL,BLK,TOV,PF,PTS
IND,2023,Team,82,19755,3444,7345,.469,1112,3030,.367,2332,4315,.540,1535,1944,.790,832,2575,3407,2213,631,478,1225,1741,9535
IND,2023,Team/G,,240.9,42.0,89.6,.469,13.6,37.0,.367,28.4,52.6,.540,18.7,23.7,.790,10.1,31.4,41.5,27.0,7.7,5.8,14.9,21.2,116.3
IND,2023,Lg Rank,,25,17,11,22,6,7,11,21,20,20,14,14,13,16,24,24,6,10,2,23,27,10
IND,2023,Year/Year,,-0.6%,1.4%,0.1%,+.006,11.5%,4.5%,+.023,-2.9%,-2.8%,-.000,14.0%,10.8%,+.022,-10.1%,-3.6%,-5.3%,6.3%,8.4%,4.6%,3.6%,3.9%,4.3%
IND,2023,Opponent,82,19755,3549,7323,.485,1019,2733,.373,2530,4590,.551,1679,2100,.800,993,2721,3714,2163,650,438,1235,1660,9796
IND,2023,Opponent/G,,240.9,43.3,89.3,.485,12.4,33.3,.373,30.9,56.0,.551,20.5,25.6,.800,12.1,33.2,45.3,26.4,7.9,5.3,15.1,20.2,119.5
IND,2023,Lg Rank,,25,25,20,23,17,12,25,24,22,16,30,27,29,30,17,28,26,27,26,7,14,29
IND,2023,Year/Year,,-0.6%,1.8%,1.5%,+.001,3.5%,3.3%,+.000,1.2%,0.5%,+.004,14.2%,13.8%,+.003,19.2%,0.7%,5.1%,5.1%,-2.1%,9.2%,13.6%,5.4%,3.9%
LAC,2023,,G,MP,FG,FGA,FG%,3P,3PA,3P%,2P,2PA,2P%,FT,FTA,FT%,ORB,DRB,TRB,AST,STL,BLK,TOV,PF,PTS
LAC,2023,Team,82,19830,3370,7059,.477,1041,2735,.381,2329,4324,.539,1533,1962,.781,803,2742,3545,1959,580,364,1167,1598,9314
LAC,2023,Team/G,,241.8,41.1,86.1,.477,12.7,33.4,.381,28.4,52.7,.539,18.7,23.9,.781,9.8,33.4,43.2,23.9,7.1,4.4,14.2,19.5,113.6
LAC,2023,Lg Rank,,12,23,24,13,10,14,3,22,19,23,15,11,18,19,11,17,24,18,21,18,10,18
LAC,2023,Year/Year,,0.3%,2.6%,-1.5%,+.019,-0.6%,-2.4%,+.007,4.1%,-1.0%,+.026,20.4%,22.2%,-.011,7.5%,-4.1%,-1.7%,-0.5%,-4.6%,-10.3%,3.6%,4.6%,4.8%
LAC,2023,Opponent,82,19830,3430,7243,.474,1000,2738,.365,2430,4505,.539,1413,1832,.771,838,2699,3537,2048,640,343,1065,1607,9273
LAC,2023,Opponent/G,,241.8,41.8,88.3,.474,12.2,33.4,.365,29.6,54.9,.539,17.2,22.3,.771,10.2,32.9,43.1,25.0,7.8,4.2,13.0,19.6,113.1
LAC,2023,Lg Rank,,12,16,15,16,12,14,19,16,17,11,6,7,7,13,14,13,11,23,10,24,20,12
LAC,2023,Year/Year,,0.3%,2.6%,-2.5%,+.024,4.4%,-1.5%,+.021,1.9%,-3.2%,+.027,13.6%,14.1%,-.003,-14.8%,-6.3%,-8.5%,3.7%,1.4%,1.2%,-4.3%,6.1%,4.3%
LAL,2023,,G,MP,FG,FGA,FG%,3P,3PA,3P%,2P,2PA,2P%,FT,FTA,FT%,ORB,DRB,TRB,AST,STL,BLK,TOV,PF,PTS
LAL,2023,Team,82,19880,3516,7298,.482,885,2558,.346,2631,4740,.555,1691,2182,.775,818,2930,3748,2072,526,378,1154,1466,9608
LAL,2023,Team/G,,242.4,42.9,89.0,.482,10.8,31.2,.346,32.1,57.8,.555,20.6,26.6,.775,10.0,35.7,45.7,25.3,6.4,4.6,14.1,17.9,117.2
LAL,2023,Lg Rank,,5,8,13,10,24,26,25,3,8,12,2,1,20,18,2,6,15,26,16,15,1,6
LAL,2023,Year/Year,,-0.5%,3.0%,0.3%,+.013,-9.9%,-9.5%,-.002,8.1%,6.4%,+.009,22.5%,15.8%,+.042,4.6%,3.7%,3.9%,5.3%,-16.0%,-11.1%,-3.1%,-11.4%,4.5%
LAL,2023,Opponent,82,19880,3607,7698,.469,1028,2991,.344,2579,4707,.548,1319,1706,.773,908,2770,3678,2104,624,416,1035,1760,9561
LAL,2023,Opponent/G,,242.4,44.0,93.9,.469,12.5,36.5,.344,31.5,57.4,.548,16.1,20.8,.773,11.1,33.8,44.9,25.7,7.6,5.1,12.6,21.5,116.6
LAL,2023,Lg Rank,,5,29,30,10,20,25,2,28,28,13,1,1,8,25,25,25,15,19,23,27,2,20
LAL,2023,Year/Year,,-0.5%,3.3%,3.7%,-.002,-0.4%,1.9%,-.008,4.9%,4.9%,+.000,-7.6%,-10.7%,+.026,0.7%,-5.1%,-3.8%,-2.3%,-8.8%,23.1%,-10.2%,6.9%,1.3%
MEM,2023,,G,MP,FG,FGA,FG%,3P,3PA,3P%,2P,2PA,2P%,FT,FTA,FT%,ORB,DRB,TRB,AST,STL,BLK,TOV,PF,PTS
MEM,2023,Team,82,19780,3585,7551,.475,985,2807,.351,2600,4744,.548,1432,1954,.733,988,2835,3823,2135,680,473,1116,1643,9587
MEM,2023,Team/G,,241.2,43.7,92.1,.475,12.0,34.2,.351,31.7,57.9,.548,17.5,23.8,.733,12.0,34.6,46.6,26.0,8.3,5.8,13.6,20.0,116.9
MEM,2023,Lg Rank,,22,2,4,16,16,11,23,6,6,16,25,13,30,4,4,2,9,3,3,12,14,9
MEM,2023,Year/Year,,0.0%,0.4%,-2.4%,+.013,4.2%,4.8%,-.002,-1.0%,-6.2%,+.029,2.8%,3.0%,-.001,-14.8%,-1.3%,-5.2%,0.2%,-15.0%,-11.3%,3.1%,1.4%,1.1%
MEM,2023,Opponent,82,19780,3340,7365,.453,1065,2998,.355,2275,4367,.521,1519,1931,.787,902,2738,3640,2167,559,427,1240,1644,9264
MEM,2023,Opponent/G,,241.2,40.7,89.8,.453,13.0,36.6,.355,27.7,53.3,.521,18.5,23.5,.787,11.0,33.4,44.4,26.4,6.8,5.2,15.1,20.0,113.0
MEM,2023,Lg Rank,,22,7,22,1,26,27,9,3,11,3,16,14,22,24,19,21,27,7,24,6,16,11
MEM,2023,Year/Year,,0.0%,1.1%,1.3%,-.001,7.9%,6.0%,+.006,-1.9%,-1.7%,-.001,7.2%,5.1%,+.015,9.9%,1.2%,3.2%,5.9%,-4.9%,-13.9%,0.4%,1.2%,2.8%
MIA,2023,,G,MP,FG,FGA,FG%,3P,3PA,3P%,2P,2PA,2P%,FT,FTA,FT%,ORB,DRB,TRB,AST,STL,BLK,TOV,PF,PTS
MIA,2023,Team,82,19805,3215,6991,.460,980,2852,.344,2235,4139,.540,1567,1885,.831,796,2533,3329,1955,655,243,1106,1516,8977
MIA,2023,Team/G,,241.5,39.2,85.3,.460,12.0,34.8,.344,27.3,50.5,.540,19.1,23.0,.831,9.7,30.9,40.6,23.8,8.0,3.0,13.5,18.5,109.5
MIA,2023,Lg Rank,,18,30,26,26,17,10,27,27,25,21,10,19,2,20,29,27,25,6,30,9,3,30
MIA,2023,Year/Year,,-0.3%,-1.0%,0.5%,-.007,-12.0%,-2.9%,-.036,4.8%,3.0%,+.009,10.7%,7.5%,+.024,-1.4%,-8.8%,-7.1%,-6.5%,8.1%,-8.3%,-7.4%,-9.7%,-0.5%
MIA,2023,Opponent,82,19805,3288,6822,.482,1077,2933,.367,2211,3889,.569,1350,1728,.781,729,2702,3431,2097,571,309,1288,1643,9003
MIA,2023,Opponent/G,,241.5,40.1,83.2,.482,13.1,35.8,.367,27.0,47.4,.569,16.5,21.1,.781,8.9,33.0,41.8,25.6,7.0,3.8,15.7,20.0,109.8
MIA,2023,Lg Rank,,18,3,2,22,28,22,22,1,1,29,4,3,16,1,15,6,14,8,1,3,17,2
MIA,2023,Year/Year,,-0.3%,6.8%,-0.9%,+.035,1.2%,-6.5%,+.028,9.8%,3.8%,+.031,-6.1%,-6.3%,+.002,-6.9%,2.6%,0.4%,9.9%,-6.1%,-6.4%,4.9%,-2.6%,4.0%
MIL,2023,,G,MP,FG,FGA,FG%,3P,3PA,3P%,2P,2PA,2P%,FT,FTA,FT%,ORB,DRB,TRB,AST,STL,BLK,TOV,PF,PTS
MIL,2023,Team,82,19830,3504,7411,.473,1217,3306,.368,2287,4105,.557,1364,1837,.743,914,3074,3988,2115,521,403,1199,1481,9589
MIL,2023,Team/G,,241.8,42.7,90.4,.473,14.8,40.3,.368,27.9,50.1,.557,16.6,22.4,.743,11.1,37.5,48.6,25.8,6.4,4.9,14.6,18.1,116.9
MIL,2023,Lg Rank,,12,10,7,19,4,4,10,25,27,11,28,23,29,11,1,1,12,27,11,22,2,8
MIL,2023,Year/Year,,0.4%,2.2%,1.1%,+.005,5.6%,4.9%,+.002,0.5%,-1.8%,+.013,-6.5%,-2.3%,-.033,8.8%,2.8%,4.1%,7.9%,-16.4%,23.6%,9.0%,-0.9%,1.3%
MIL,2023,Opponent,82,19830,3483,7644,.456,991,2799,.354,2492,4845,.514,1334,1719,.776,879,2744,3623,1963,578,323,970,1557,9291
MIL,2023,Opponent/G,,241.8,42.5,93.2,.456,12.1,34.1,.354,30.4,59.1,.514,16.3,21.0,.776,10.7,33.5,44.2,23.9,7.0,3.9,11.8,19.0,113.3
MIL,2023,Lg Rank,,12,21,29,2,11,18,8,19,30,1,3,2,10,19,20,20,5,13,5,30,26,14
MIL,2023,Year/Year,,0.4%,2.7%,2.9%,-.001,-16.4%,-15.9%,-.002,13.0%,18.1%,-.023,8.7%,5.2%,+.025,8.3%,-2.2%,0.2%,-7.5%,-4.6%,-9.5%,-9.3%,-3.4%,1.0%
MIN,2023,,G,MP,FG,FGA,FG%,3P,3PA,3P%,2P,2PA,2P%,FT,FTA,FT%,ORB,DRB,TRB,AST,STL,BLK,TOV,PF,PTS
MIN,2023,Team,82,19830,3515,7167,.490,997,2731,.365,2518,4436,.568,1467,1942,.755,749,2686,3435,2145,657,444,1258,1768,9494
MIN,2023,Team/G,,241.8,42.9,87.4,.490,12.2,33.3,.365,30.7,54.1,.568,17.9,23.7,.755,9.1,32.8,41.9,26.2,8.0,5.4,15.3,21.6,115.8
MIN,2023,Lg Rank,,12,9,18,3,14,15,13,11,16,4,18,16,24,26,18,23,8,5,4,27,29,13
MIN,2023,Year/Year,,0.3%,3.0%,-3.9%,+.033,-17.7%,-19.3%,+.007,14.5%,8.9%,+.027,-0.5%,2.5%,-.023,-18.7%,-0.5%,-5.1%,1.9%,-8.9%,-3.5%,7.1%,-1.0%,-0.1%
MIN,2023,Opponent,82,19830,3428,7277,.471,1007,2728,.369,2421,4549,.532,1634,2133,.766,928,2734,3662,2051,674,336,1262,1654,9497
MIN,2023,Opponent/G,,241.8,41.8,88.7,.471,12.3,33.3,.369,29.5,55.5,.532,19.9,26.0,.766,11.3,33.3,44.7,25.0,8.2,4.1,15.4,20.2,115.8
MIN,2023,Lg Rank,,12,15,18,11,16,10,24,15,20,6,27,29,1,27,18,22,12,29,8,5,15,18
MIN,2023,Year/Year,,0.3%,3.9%,1.6%,+.011,-6.0%,-10.9%,+.019,8.7%,10.9%,-.011,0.6%,2.5%,-.014,2.7%,-4.3%,-2.7%,-4.6%,13.7%,-15.4%,-5.8%,-3.6%,2.2%
NOP,2023,,G,MP,FG,FGA,FG%,3P,3PA,3P%,2P,2PA,2P%,FT,FTA,FT%,ORB,DRB,TRB,AST,STL,BLK,TOV,PF,PTS
NOP,2023,Team,82,19855,3447,7180,.480,899,2468,.364,2548,4712,.541,1585,2000,.793,866,2717,3583,2122,681,337,1196,1678,9378
NOP,2023,Team/G,,242.1,42.0,87.6,.480,11.0,30.1,.364,31.1,57.5,.541,19.3,24.4,.793,10.6,33.1,43.7,25.9,8.3,4.1,14.6,20.5,114.4
NOP,2023,Lg Rank,,8,16,17,11,23,29,15,8,10,19,8,10,11,13,13,13,11,2,24,21,20,15
NOP,2023,Year/Year,,0.5%,4.6%,-0.4%,+.023,3.0%,-6.1%,+.032,5.2%,2.8%,+.012,5.6%,5.1%,+.004,-11.7%,-0.3%,-3.3%,3.7%,0.1%,2.7%,3.7%,4.1%,4.6%
NOP,2023,Opponent,82,19855,3357,7105,.472,1002,2953,.339,2355,4152,.567,1507,1935,.779,792,2634,3426,2044,600,386,1228,1673,9223
NOP,2023,Opponent/G,,242.1,40.9,86.6,.472,12.2,36.0,.339,28.7,50.6,.567,18.4,23.6,.779,9.7,32.1,41.8,24.9,7.3,4.7,15.0,20.4,112.5
NOP,2023,Lg Rank,,8,9,7,12,14,23,1,10,6,26,13,15,14,6,6,5,8,17,17,9,12,9
NOP,2023,Year/Year,,0.5%,1.7%,1.4%,+.002,-5.8%,1.4%,-.026,5.3%,1.4%,+.021,9.4%,10.4%,-.007,4.3%,-1.2%,0.0%,0.2%,-0.8%,-1.3%,5.5%,-0.5%,2.0%
NYK,2023,,G,MP,FG,FGA,FG%,3P,3PA,3P%,2P,2PA,2P%,FT,FTA,FT%,ORB,DRB,TRB,AST,STL,BLK,TOV,PF,PTS
NYK,2023,Team,82,19955,3444,7328,.470,1037,2930,.354,2407,4398,.547,1589,2087,.761,1031,2790,3821,1880,527,340,1065,1666,9514
NYK,2023,Team/G,,243.4,42.0,89.4,.470,12.6,35.7,.354,29.4,53.6,.547,19.4,25.5,.761,12.6,34.0,46.6,22.9,6.4,4.1,13.0,20.3,116.0
NYK,2023,Lg Rank,,2,17,12,20,11,8,19,18,17,18,7,3,22,3,8,3,28,25,23,4,18,11
NYK,2023,Year/Year,,0.9%,11.5%,3.7%,+.033,-4.2%,-3.3%,-.003,20.0%,8.9%,+.051,7.9%,5.4%,+.017,9.6%,-1.8%,1.0%,4.9%,-7.5%,-14.8%,-2.0%,-0.4%,9.0%
NYK,2023,Opponent,82,19955,3343,7229,.462,1068,2992,.357,2275,4237,.537,1520,1943,.782,830,2617,3447,2062,496,370,1044,1694,9274
NYK,2023,Opponent/G,,243.4,40.8,88.2,.462,13.0,36.5,.357,27.7,51.7,.537,18.5,23.7,.782,10.1,31.9,42.0,25.1,6.0,4.5,12.7,20.7,113.1
NYK,2023,Lg Rank,,2,8,14,3,27,26,12,3,7,10,17,17,18,10,5,7,13,2,14,25,5,13
NYK,2023,Year/Year,,0.9%,6.0%,2.5%,+.015,2.9%,-1.3%,+.015,7.5%,5.5%,+.010,9.0%,6.4%,+.018,8.4%,-6.9%,-3.7%,4.0%,-13.3%,-2.4%,0.5%,1.4%,6.1%
OKC,2023,,G,MP,FG,FGA,FG%,3P,3PA,3P%,2P,2PA,2P%,FT,FTA,FT%,ORB,DRB,TRB,AST,STL,BLK,TOV,PF,PTS
OKC,2023,Team,82,19855,3533,7590,.465,995,2797,.356,2538,4793,.530,1572,1944,.809,934,2645,3579,2002,676,341,1069,1722,9633
OKC,2023,Team/G,,242.1,43.1,92.6,.465,12.1,34.1,.356,31.0,58.5,.530,19.2,23.7,.809,11.4,32.3,43.6,24.4,8.2,4.2,13.0,21.0,117.5
OKC,2023,Lg Rank,,8,6,2,24,15,12,17,9,4,25,9,14,6,8,21,14,21,4,22,5,24,5
OKC,2023,Year/Year,,0.3%,12.5%,3.8%,+.036,0.4%,-8.8%,+.033,18.0%,12.9%,+.023,27.5%,19.1%,+.053,9.4%,-8.4%,-4.3%,9.9%,8.7%,-10.3%,-6.6%,15.0%,13.2%
OKC,2023,Opponent,82,19855,3437,7252,.474,1059,2955,.358,2378,4297,.553,1611,2090,.771,982,2841,3823,2126,572,454,1375,1675,9544
OKC,2023,Opponent/G,,242.1,41.9,88.4,.474,12.9,36.0,.358,29.0,52.4,.553,19.6,25.5,.771,12.0,34.6,46.6,25.9,7.0,5.5,16.8,20.4,116.4
OKC,2023,Lg Rank,,8,17,16,17,23,24,15,12,9,18,26,26,6,29,29,30,20,9,28,1,10,19
OKC,2023,Year/Year,,0.3%,1.1%,-2.3%,+.016,-5.3%,-6.8%,+.006,4.3%,1.1%,+.017,28.3%,28.3%,-.000,8.4%,-7.2%,-3.6%,-0.7%,-17.7%,-7.3%,26.7%,14.5%,4.1%
ORL,2023,,G,MP,FG,FGA,FG%,3P,3PA,3P%,2P,2PA,2P%,FT,FTA,FT%,ORB,DRB,TRB,AST,STL,BLK,TOV,PF,PTS
ORL,2023,Team,82,19780,3323,7074,.470,883,2551,.346,2440,4523,.539,1607,2050,.784,833,2713,3546,1906,603,382,1236,1652,9136
ORL,2023,Team/G,,241.2,40.5,86.3,.470,10.8,31.1,.346,29.8,55.2,.539,19.6,25.0,.784,10.2,33.1,43.2,23.2,7.4,4.7,15.1,20.1,111.4
ORL,2023,Lg Rank,,22,26,23,21,25,27,24,17,14,22,6,8,16,15,14,16,26,12,15,24,16,26
ORL,2023,Year/Year,,0.0%,5.9%,-2.3%,+.036,-11.6%,-15.6%,+.016,14.0%,7.2%,+.032,26.5%,27.0%,-.003,11.7%,-6.0%,-2.3%,-2.1%,8.6%,4.1%,4.0%,2.5%,6.9%
ORL,2023,Opponent,82,19780,3389,7127,.476,1064,3030,.351,2325,4097,.567,1504,1890,.796,779,2669,3448,2122,634,415,1204,1681,9346
ORL,2023,Opponent/G,,241.2,41.3,86.9,.476,13.0,37.0,.351,28.4,50.0,.567,18.3,23.0,.796,9.5,32.5,42.0,25.9,7.7,5.1,14.7,20.5,114.0
ORL,2023,Lg Rank,,22,11,8,18,25,28,6,8,4,27,12,11,26,3,10,8,19,21,22,10,7,15
ORL,2023,Year/Year,,0.0%,1.3%,-2.4%,+.017,-1.7%,1.7%,-.012,2.7%,-5.2%,+.044,5.2%,2.1%,+.024,-8.6%,-11.4%,-10.8%,4.3%,-3.2%,-3.0%,11.6%,12.0%,1.6%
PHI,2023,,G,MP,FG,FGA,FG%,3P,3PA,3P%,2P,2PA,2P%,FT,FTA,FT%,ORB,DRB,TRB,AST,STL,BLK,TOV,PF,PTS
PHI,2023,Team,82,19880,3347,6870,.487,1035,2675,.387,2312,4195,.551,1719,2058,.835,715,2641,3356,2063,635,389,1121,1675,9448
PHI,2023,Team/G,,242.4,40.8,83.8,.487,12.6,32.6,.387,28.2,51.2,.551,21.0,25.1,.835,8.7,32.2,40.9,25.2,7.7,4.7,13.7,20.4,115.2
PHI,2023,Lg Rank,,5,24,30,6,12,16,1,23,23,14,1,5,1,27,22,26,16,8,13,13,19,14
PHI,2023,Year/Year,,0.4%,3.6%,-0.9%,+.021,8.9%,2.6%,+.023,1.4%,-3.0%,+.024,7.1%,5.3%,+.014,2.1%,-4.7%,-3.3%,6.1%,0.3%,-10.6%,9.2%,5.3%,4.8%
PHI,2023,Opponent,82,19880,3312,7005,.473,952,2735,.348,2360,4270,.553,1518,1943,.781,782,2593,3375,1986,540,380,1171,1607,9094
PHI,2023,Opponent/G,,242.4,40.4,85.4,.473,11.6,33.4,.348,28.8,52.1,.553,18.5,23.7,.781,9.5,31.6,41.2,24.2,6.6,4.6,14.3,19.6,110.9
PHI,2023,Lg Rank,,5,4,4,14,5,13,5,11,8,17,15,17,17,4,4,2,6,4,16,14,20,3
PHI,2023,Year/Year,,0.4%,1.8%,-1.3%,+.014,2.3%,1.6%,+.002,1.6%,-3.1%,+.026,11.3%,9.6%,+.012,-6.7%,-6.9%,-6.8%,2.8%,-0.4%,0.3%,7.7%,0.8%,3.3%
PHO,2023,,G,MP,FG,FGA,FG%,3P,3PA,3P%,2P,2PA,2P%,FT,FTA,FT%,ORB,DRB,TRB,AST,STL,BLK,TOV,PF,PTS
PHO,2023,Team,82,19780,3453,7388,.467,1001,2674,.374,2452,4714,.520,1412,1781,.793,971,2657,3628,2235,585,432,1110,1739,9319
PHO,2023,Team/G,,241.2,42.1,90.1,.467,12.2,32.6,.374,29.9,57.5,.520,17.2,21.7,.793,11.8,32.4,44.2,27.3,7.1,5.3,13.5,21.2,113.6
PHO,2023,Lg Rank,,22,15,9,23,13,17,7,15,9,29,26,27,10,5,19,11,4,16,5,11,26,17
PHO,2023,Year/Year,,0.3%,-3.6%,-0.0%,-.017,5.3%,2.2%,+.011,-6.8%,-1.2%,-.031,8.4%,8.9%,-.004,21.2%,-8.8%,-2.3%,-0.4%,-16.7%,20.3%,4.7%,6.5%,-1.0%
PHO,2023,Opponent,82,19780,3280,7044,.466,938,2628,.357,2342,4416,.530,1651,2101,.786,840,2676,3516,1915,588,327,1183,1629,9149
PHO,2023,Opponent/G,,241.2,40.0,85.9,.466,11.4,32.0,.357,28.6,53.9,.530,20.1,25.6,.786,10.2,32.6,42.9,23.4,7.2,4.0,14.4,19.9,111.6
PHO,2023,Lg Rank,,22,2,5,6,4,3,11,9,12,5,28,28,20,14,12,11,3,15,7,11,18,6
PHO,2023,Year/Year,,0.3%,2.0%,-2.7%,+.022,-1.6%,-6.3%,+.017,3.5%,-0.5%,+.020,16.6%,12.9%,+.025,-2.7%,-3.8%,-3.6%,2.1%,-4.2%,0.0%,-1.9%,4.9%,4.0%
POR,2023,,G,MP,FG,FGA,FG%,3P,3PA,3P%,2P,2PA,2P%,FT,FTA,FT%,ORB,DRB,TRB,AST,STL,BLK,TOV,PF,PTS
POR,2023,Team,82,19730,3317,7001,.474,1056,2893,.365,2261,4108,.550,1609,2021,.796,774,2551,3325,1981,553,376,1185,1643,9299
POR,2023,Team/G,,240.6,40.5,85.4,.474,12.9,35.3,.365,27.6,50.1,.550,19.6,24.6,.796,9.4,31.1,40.5,24.2,6.7,4.6,14.5,20.0,113.4
POR,2023,Lg Rank,,29,27,25,17,8,9,14,26,26,15,5,9,8,24,28,28,22,24,17,19,14,19
POR,2023,Year/Year,,0.0%,4.9%,-2.0%,+.031,1.2%,-4.1%,+.019,6.8%,-0.5%,+.037,19.5%,14.1%,+.036,-9.4%,-4.1%,-5.4%,5.4%,-15.8%,2.7%,-0.2%,-4.9%,6.8%
POR,2023,Opponent,82,19730,3522,7176,.491,1029,2717,.379,2493,4459,.559,1555,1977,.787,857,2686,3543,2214,640,352,1108,1679,9628
POR,2023,Opponent/G,,240.6,43.0,87.5,.491,12.5,33.1,.379,30.4,54.4,.559,19.0,24.1,.787,10.5,32.8,43.2,27.0,7.8,4.3,13.5,20.5,117.4
POR,2023,Lg Rank,,29,22,11,28,21,9,29,20,14,20,21,20,21,15,13,14,30,23,12,19,8,23
POR,2023,Year/Year,,0.0%,4.4%,1.9%,+.012,-8.9%,-10.8%,+.008,11.1%,11.5%,-.002,-0.6%,-1.8%,+.010,7.1%,-6.3%,-3.4%,1.4%,-4.8%,-13.9%,-3.7%,5.7%,2.0%
SAC,2023,,G,MP,FG,FGA,FG%,3P,3PA,3P%,2P,2PA,2P%,FT,FTA,FT%,ORB,DRB,TRB,AST,STL,BLK,TOV,PF,PTS
SAC,2023,Team,82,19830,3573,7232,.494,1128,3060,.369,2445,4172,.586,1624,2055,.790,782,2699,3481,2237,574,275,1106,1616,9898
SAC,2023,Team/G,,241.8,43.6,88.2,.494,13.8,37.3,.369,29.8,50.9,.586,19.8,25.1,.790,9.5,32.9,42.5,27.3,7.0,3.4,13.5,19.7,120.7
SAC,2023,Lg Rank,,12,4,16,2,5,6,9,16,24,1,3,7,12,23,15,20,3,20,29,9,11,1
SAC,2023,Year/Year,,0.1%,7.6%,0.1%,+.034,20.4%,12.4%,+.024,2.6%,-7.3%,+.056,10.8%,7.7%,+.022,-0.3%,-1.4%,-1.1%,15.1%,-2.4%,-25.5%,-4.3%,4.1%,9.4%
SAC,2023,Opponent,82,19830,3589,7288,.492,1022,2740,.373,2567,4548,.564,1481,1882,.787,795,2665,3460,2187,598,341,1165,1711,9681
SAC,2023,Opponent/G,,241.8,43.8,88.9,.492,12.5,33.4,.373,31.3,55.5,.564,18.1,23.0,.787,9.7,32.5,42.2,26.7,7.3,4.2,14.2,20.9,118.1
SAC,2023,Lg Rank,,12,27,19,29,18,15,26,27,19,23,10,10,23,7,9,9,28,16,9,15,4,25
SAC,2023,Year/Year,,0.1%,0.8%,-1.9%,+.013,-4.0%,-4.3%,+.001,2.8%,-0.4%,+.018,13.4%,11.9%,+.010,-8.2%,-7.8%,-7.9%,5.3%,-10.5%,-13.7%,5.3%,2.8%,2.0%
SAS,2023,,G,MP,FG,FGA,FG%,3P,3PA,3P%,2P,2PA,2P%,FT,FTA,FT%,ORB,DRB,TRB,AST,STL,BLK,TOV,PF,PTS
SAS,2023,Team,82,19855,3533,7593,.465,911,2640,.345,2622,4953,.529,1292,1739,.743,965,2619,3584,2232,572,322,1253,1630,9269
SAS,2023,Team/G,,242.1,43.1,92.6,.465,11.1,32.2,.345,32.0,60.4,.529,15.8,21.2,.743,11.8,31.9,43.7,27.2,7.0,3.9,15.3,19.9,113.0
SAS,2023,Lg Rank,,8,6,1,25,22,20,26,4,2,26,30,29,28,7,23,12,5,22,26,26,12,23
SAS,2023,Year/Year,,0.3%,-0.4%,-0.1%,-.001,-1.5%,0.5%,-.007,0.0%,-0.4%,+.003,2.4%,3.9%,-.011,7.1%,-7.0%,-3.6%,-2.5%,-8.6%,-20.1%,20.2%,9.9%,-0.1%
SAS,2023,Opponent,82,19855,3780,7460,.507,1036,2651,.391,2744,4809,.571,1496,1942,.770,877,2811,3688,2198,665,431,1135,1516,10092
SAS,2023,Opponent/G,,242.1,46.1,91.0,.507,12.6,32.3,.391,33.5,58.6,.571,18.2,23.7,.770,10.7,34.3,45.0,26.8,8.1,5.3,13.8,18.5,123.1
SAS,2023,Lg Rank,,8,30,27,30,22,5,30,30,29,30,11,16,5,18,27,26,29,28,25,17,29,30
SAS,2023,Year/Year,,0.3%,8.6%,-0.2%,+.041,4.4%,-3.8%,+.031,10.2%,1.9%,+.043,13.9%,13.5%,+.003,-6.0%,-3.1%,-3.8%,11.6%,10.6%,6.9%,0.4%,-2.4%,8.9%
TOR,2023,,G,MP,FG,FGA,FG%,3P,3PA,3P%,2P,2PA,2P%,FT,FTA,FT%,ORB,DRB,TRB,AST,STL,BLK,TOV,PF,PTS
TOR,2023,Team,82,19805,3434,7489,.459,880,2626,.335,2554,4863,.525,1506,1922,.784,1043,2485,3528,1961,772,424,956,1641,9254
TOR,2023,Team/G,,241.5,41.9,91.3,.459,10.7,32.0,.335,31.1,59.3,.525,18.4,23.4,.784,12.7,30.3,43.0,23.9,9.4,5.2,11.7,20.0,112.9
TOR,2023,Lg Rank,,18,19,5,27,28,21,28,7,3,28,17,18,17,2,30,18,23,1,9,1,13,24
TOR,2023,Year/Year,,-0.3%,3.1%,0.0%,+.014,-10.1%,-6.5%,-.014,8.5%,3.9%,+.023,13.5%,9.9%,+.025,-4.7%,-5.2%,-5.1%,8.4%,4.6%,12.8%,-6.4%,2.1%,3.2%
TOR,2023,Opponent,82,19805,3312,6752,.491,1001,2676,.374,2311,4076,.567,1508,1893,.797,757,2709,3466,2148,492,376,1367,1604,9133
TOR,2023,Opponent/G,,241.5,40.4,82.3,.491,12.2,32.6,.374,28.2,49.7,.567,18.4,23.1,.797,9.2,33.0,42.3,26.2,6.0,4.6,16.7,19.6,111.4
TOR,2023,Lg Rank,,18,4,1,27,13,6,28,7,3,25,14,12,27,2,16,10,25,1,15,2,22,4
TOR,2023,Year/Year,,-0.3%,3.6%,-2.4%,+.028,-1.3%,-6.5%,+.020,5.9%,0.4%,+.029,9.8%,8.7%,+.008,-10.6%,-2.0%,-4.0%,3.5%,-10.4%,-9.6%,5.3%,2.6%,4.0%
UTA,2023,,G,MP,FG,FGA,FG%,3P,3PA,3P%,2P,2PA,2P%,FT,FTA,FT%,ORB,DRB,TRB,AST,STL,BLK,TOV,PF,PTS
UTA,2023,Team,82,19805,3485,7365,.473,1094,3099,.353,2391,4266,.560,1536,1955,.786,968,2794,3762,2129,500,429,1259,1679,9600
UTA,2023,Team/G,,241.5,42.5,89.8,.473,13.3,37.8,.353,29.2,52.0,.560,18.7,23.8,.786,11.8,34.1,45.9,26.0,6.1,5.2,15.4,20.5,117.1
UTA,2023,Lg Rank,,18,12,10,18,7,5,20,19,21,7,13,12,14,6,6,5,10,30,7,28,21,7
UTA,2023,Year/Year,,0.4%,4.7%,4.2%,+.002,-8.2%,-6.3%,-.007,12.0%,13.5%,-.007,4.5%,2.0%,+.018,9.5%,-4.2%,-1.0%,16.0%,-15.0%,6.7%,9.6%,8.5%,3.0%
UTA,2023,Opponent,82,19805,3555,7515,.473,1023,2830,.361,2532,4685,.540,1544,1989,.776,919,2644,3563,2047,639,405,1030,1679,9677
UTA,2023,Opponent/G,,241.5,43.4,91.6,.473,12.5,34.5,.361,30.9,57.1,.540,18.8,24.3,.776,11.2,32.2,43.5,25.0,7.8,4.9,12.6,20.5,118.0
UTA,2023,Lg Rank,,18,26,28,15,19,20,17,25,27,12,20,22,11,26,7,17,10,22,19,28,8,24
UTA,2023,Year/Year,,0.4%,7.3%,2.7%,+.020,2.9%,-0.2%,+.011,9.1%,4.6%,+.023,28.8%,25.8%,+.018,13.6%,1.7%,4.5%,6.8%,0.5%,15.1%,4.9%,0.9%,9.7%
WAS,2023,,G,MP,FG,FGA,FG%,3P,3PA,3P%,2P,2PA,2P%,FT,FTA,FT%,ORB,DRB,TRB,AST,STL,BLK,TOV,PF,PTS
WAS,2023,Team,82,19755,3456,7127,.485,925,2601,.356,2531,4526,.559,1442,1838,.785,774,2804,3578,2083,561,424,1158,1539,9279
WAS,2023,Team/G,,240.9,42.1,86.9,.485,11.3,31.7,.356,30.9,55.2,.559,17.6,22.4,.785,9.4,34.2,43.6,25.4,6.8,5.2,14.1,18.8,113.2
WAS,2023,Lg Rank,,25,14,20,8,21,23,18,10,13,9,22,22,15,24,5,15,14,23,9,16,5,21
WAS,2023,Year/Year,,-0.4%,3.9%,1.0%,+.013,7.6%,3.5%,+.013,2.6%,-0.4%,+.016,3.5%,3.4%,+.001,5.0%,0.2%,1.2%,1.5%,7.5%,4.4%,7.5%,-0.4%,4.2%
WAS,2023,Opponent,82,19755,3481,7363,.473,984,2688,.366,2497,4675,.534,1432,1794,.798,883,2645,3528,2035,581,406,1008,1590,9378
WAS,2023,Opponent/G,,240.9,42.5,89.8,.473,12.0,32.8,.366,30.5,57.0,.534,17.5,21.9,.798,10.8,32.3,43.0,24.8,7.1,5.0,12.3,19.4,114.4
WAS,2023,Lg Rank,,25,20,21,13,9,7,20,21,26,8,7,5,28,21,8,12,7,14,20,29,24,17
WAS,2023,Year/Year,,-0.4%,2.9%,1.0%,+.008,4.6%,3.1%,+.005,2.2%,-0.1%,+.012,-2.9%,-1.9%,-.009,5.1%,-5.1%,-2.7%,4.8%,-2.8%,18.0%,3.7%,-2.7%,2.1%
