player_id,player_name,team_id,team_abbreviation,age,gp,w_pct,min,fgm,fga,fg_pct,fg3m,fg3a,fg3_pct,ftm,fta,ft_pct,oreb,dreb,reb,ast,tov,stl,blk,blka,pf,pfd,pts,plus_minus,dd2,td3
201189,Aaron Gray,1610612741,CHI,23.0,61,0.377,612.9966666666667,103,204,0.505,0,1,0.0,56,99,0.566,70,98,168,41,57,21,16,30,117,78,262,-21,2,0
1502,Adonal Foyle,1610612753,ORL,33.0,82,0.634,773.7616666666667,70,153,0.458,0,0,0.0,16,34,0.471,71,137,208,18,32,16,45,22,94,40,156,-17,0,0
1733,Al Harrington,1610612744,GSW,28.0,81,0.593,2190.3016666666667,401,923,0.434,153,408,0.375,147,190,0.774,107,332,439,132,90,74,16,40,266,179,1102,157,7,0
201143,Al Horford,1610612737,ATL,22.0,81,0.457,2539.8866666666668,333,668,0.499,0,5,0.0,155,212,0.731,248,537,785,124,137,60,76,49,267,177,821,-114,25,0
2744,Al Jefferson,1610612750,MIN,23.0,82,0.268,2918.7683333333334,721,1441,0.5,0,5,0.0,284,394,0.721,308,603,911,117,167,74,119,122,222,320,1726,-549,55,0
201154,Al Thornton,1610612746,LAC,24.0,79,0.291,2157.6983333333333,374,871,0.429,43,130,0.331,214,288,0.743,98,260,358,98,128,46,43,52,195,234,1005,-404,7,0
947,Allen Iverson,1610612743,DEN,33.0,82,0.61,3423.806666666667,712,1556,0.458,95,275,0.345,645,797,0.809,47,196,243,586,245,160,12,98,109,631,2164,360,15,0
2405,Amar'e Stoudemire,1610612756,PHX,25.0,79,0.671,2676.7916666666665,714,1211,0.59,5,31,0.161,556,691,0.805,178,541,719,118,174,64,163,76,294,489,1989,418,36,0
101161,Amir Johnson,1610612765,DET,21.0,62,0.79,763.9366666666666,92,165,0.558,0,0,0.0,37,55,0.673,87,148,235,29,39,24,82,15,141,57,221,180,0,0
101154,Andray Blatche,1610612764,WAS,21.0,82,0.524,1674.6266666666668,254,536,0.474,3,13,0.231,107,154,0.695,164,261,425,92,112,53,114,59,258,140,618,-240,9,0
2738,Andre Iguodala,1610612755,PHI,24.0,82,0.488,3241.77,582,1277,0.456,101,307,0.329,365,506,0.721,85,361,446,391,214,171,49,28,187,352,1630,9,8,0
1889,Andre Miller,1610612755,PHI,32.0,82,0.488,3015.8766666666666,569,1156,0.492,3,34,0.088,257,333,0.772,95,229,324,565,206,105,6,68,181,249,1398,-65,14,0
200745,Andrea Bargnani,1610612761,TOR,22.0,78,0.5,1861.118333333333,280,725,0.386,90,261,0.345,142,169,0.84,50,238,288,89,88,23,37,24,211,161,792,123,1,0
1905,Andrei Kirilenko,1610612762,UTA,27.0,72,0.653,2216.9283333333333,275,544,0.506,44,116,0.379,198,257,0.77,121,218,339,285,140,86,109,24,165,198,792,398,4,1
2804,Andres Nocioni,1610612741,CHI,28.0,82,0.402,2020.621666666667,379,877,0.432,126,346,0.364,196,243,0.807,48,294,342,95,133,25,43,49,245,217,1080,-122,1,0
101106,Andrew Bogut,1610612749,MIL,23.0,78,0.333,2720.0333333333333,465,910,0.511,0,7,0.0,189,322,0.587,245,518,763,199,172,64,135,61,254,299,1119,-349,38,0
2740,Andris Biedrins,1610612744,GSW,22.0,76,0.579,2078.345,340,543,0.626,0,0,0.0,116,187,0.62,256,488,744,75,85,56,94,47,262,165,796,208,27,0
1712,Antawn Jamison,1610612764,WAS,32.0,79,0.519,3060.776666666666,618,1417,0.436,120,354,0.339,333,438,0.76,215,591,806,120,113,106,34,56,195,358,1689,196,44,0
1853,Anthony Carter,1610612743,DEN,33.0,70,0.6,1959.7333333333331,218,476,0.458,45,129,0.349,64,85,0.753,27,173,200,388,124,107,28,18,172,72,545,2,4,0
1533,Anthony Johnson,1610612758,SAC,33.0,69,0.464,1530.335,155,355,0.437,42,93,0.452,35,43,0.814,22,115,137,262,84,52,9,18,115,52,387,-101,4,0
1515,Anthony Parker,1610612761,TOR,33.0,82,0.5,2633.891666666667,395,829,0.476,133,304,0.438,102,125,0.816,50,284,334,183,87,79,17,43,157,131,1025,170,0,0
1498,Antonio Daniels,1610612764,WAS,33.0,71,0.563,2160.705,205,447,0.459,17,74,0.23,170,219,0.776,23,180,203,340,91,69,2,21,78,190,597,12,3,0
686,Antonio McDyess,1610612765,DET,33.0,78,0.731,2284.8083333333334,293,600,0.488,0,2,0.0,97,156,0.622,204,462,666,89,75,61,53,15,246,154,683,307,16,0
201167,Arron Afflalo,1610612765,DET,22.0,75,0.733,970.3366666666668,99,241,0.411,10,48,0.208,68,87,0.782,36,101,137,52,34,31,8,31,83,67,276,120,0,0
1884,Baron Davis,1610612744,GSW,29.0,82,0.585,3196.2116666666666,650,1526,0.426,173,525,0.33,318,424,0.75,96,289,385,623,232,191,43,71,247,375,1791,242,18,3
2732,Ben Gordon,1610612741,CHI,25.0,72,0.403,2291.2633333333333,464,1069,0.434,142,346,0.41,266,293,0.908,40,181,221,213,150,55,8,46,171,244,1336,-231,0,0
1112,Ben Wallace,1610612739,CLE,33.0,72,0.431,2204.983333333333,138,352,0.392,0,4,0.0,72,169,0.426,234,370,604,105,67,88,117,29,121,173,348,-130,4,0
2757,Beno Udrih,1610612758,SAC,25.0,65,0.477,2079.5033333333336,328,708,0.463,53,137,0.387,125,147,0.85,34,183,217,282,148,56,10,50,138,132,834,-22,3,0
1517,Bobby Jackson,1610612745,HOU,35.0,72,0.722,1388.5833333333333,204,506,0.403,81,226,0.358,64,81,0.79,33,148,181,139,59,45,5,19,96,71,553,149,0,0
2250,Bobby Simmons,1610612749,MIL,28.0,70,0.343,1521.2033333333334,209,496,0.421,60,171,0.351,53,70,0.757,67,159,226,80,78,50,5,16,140,60,531,-217,0,0
1719,Bonzi Wells,1610612740,NOH,31.0,73,0.603,1561.246666666667,252,569,0.443,12,50,0.24,146,227,0.643,84,247,331,97,103,75,32,31,157,175,662,25,6,0
2564,Boris Diaw,1610612756,PHX,26.0,82,0.671,2307.575,308,646,0.477,13,41,0.317,96,129,0.744,97,281,378,317,155,61,39,34,166,160,725,160,4,0
2411,Bostjan Nachbar,1610612751,NJN,27.0,75,0.44,1659.5316666666668,245,609,0.402,94,262,0.359,154,196,0.786,56,204,260,88,85,44,21,50,182,160,738,-269,1,0
1802,Brad Miller,1610612758,SAC,32.0,72,0.486,2512.5383333333334,337,728,0.463,28,90,0.311,262,309,0.848,167,514,681,264,164,69,74,60,247,247,964,86,29,0
101138,Brandon Bass,1610612742,DAL,23.0,79,0.608,1556.4833333333331,246,493,0.499,0,4,0.0,162,197,0.822,120,227,347,58,82,22,48,48,150,146,654,-43,3,0
200750,Brandon Roy,1610612757,POR,23.0,74,0.541,2792.0,531,1170,0.454,73,215,0.34,281,373,0.753,81,267,348,430,136,79,16,51,147,346,1416,28,10,1
2217,Brendan Haywood,1610612764,WAS,28.0,80,0.513,2227.7733333333335,316,599,0.528,0,0,0.0,216,294,0.735,273,303,576,71,108,31,133,58,216,251,848,84,16,0
1510,Brevin Knight,1610612746,LAC,32.0,74,0.297,1673.9183333333333,138,342,0.404,0,6,0.0,62,71,0.873,15,127,142,328,71,100,11,11,160,84,338,-332,1,0
1730,Brian Skinner,1610612756,PHX,32.0,66,0.712,843.975,92,198,0.465,2,3,0.667,33,63,0.524,63,175,238,15,39,21,77,11,112,64,219,-67,0,0
1477,Bruce Bowen,1610612759,SAS,37.0,81,0.691,2447.5866666666666,174,428,0.407,90,215,0.419,45,69,0.652,33,201,234,91,46,54,22,13,177,90,483,204,0,0
101139,CJ Miles,1610612762,UTA,21.0,60,0.633,689.4266666666666,113,236,0.479,30,77,0.39,41,52,0.788,16,62,78,53,27,32,8,4,98,36,297,120,0,0
2306,Carlos Arroyo,1610612753,ORL,28.0,62,0.645,1268.9566666666667,157,348,0.451,29,84,0.345,87,102,0.853,10,103,113,219,77,26,2,14,85,100,430,134,0,0
2430,Carlos Boozer,1610612762,UTA,26.0,81,0.654,2826.6016666666665,709,1297,0.547,0,1,0.0,290,393,0.738,197,647,844,233,210,100,41,92,293,274,1708,421,51,1
2568,Carlos Delfino,1610612761,TOR,25.0,82,0.5,1928.2016666666664,251,632,0.397,120,314,0.382,116,156,0.744,66,293,359,145,75,69,11,32,177,124,738,22,1,0
2546,Carmelo Anthony,1610612743,DEN,24.0,77,0.61,2806.225,728,1481,0.492,58,164,0.354,464,590,0.786,178,393,571,259,253,98,39,94,253,414,1978,161,22,0
2406,Caron Butler,1610612764,WAS,28.0,58,0.569,2313.82,439,943,0.466,66,185,0.357,236,262,0.901,93,295,388,284,150,128,20,47,160,211,1180,169,9,3
101112,Channing Frye,1610612757,POR,25.0,78,0.513,1341.96,221,453,0.488,3,10,0.3,85,109,0.78,107,247,354,57,55,29,27,14,208,101,530,43,3,0
2294,Charlie Bell,1610612749,MIL,29.0,68,0.353,1628.245,185,486,0.381,74,217,0.341,70,87,0.805,31,136,167,210,76,52,2,31,121,85,514,-249,0,0
101111,Charlie Villanueva,1610612749,MIL,23.0,76,0.316,1828.7583333333337,354,814,0.435,55,185,0.297,123,157,0.783,145,321,466,78,107,30,35,40,174,120,886,-351,9,0
1497,Chauncey Billups,1610612765,DET,31.0,78,0.718,2522.2116666666666,393,877,0.448,137,342,0.401,401,437,0.918,42,170,212,529,160,101,17,25,130,330,1324,520,13,0
2547,Chris Bosh,1610612761,TOR,24.0,67,0.552,2424.465,507,1027,0.494,10,25,0.4,472,559,0.844,174,409,583,171,153,63,67,64,157,428,1496,359,28,0
2768,Chris Duhon,1610612741,CHI,25.0,66,0.379,1489.861666666667,133,344,0.387,54,155,0.348,65,80,0.813,19,97,116,263,71,48,2,29,92,61,385,-67,1,0
101108,Chris Paul,1610612740,NOH,23.0,80,0.688,3005.588333333333,630,1291,0.488,92,249,0.369,332,390,0.851,62,259,321,925,201,217,4,51,185,404,1684,479,56,1
200809,Chris Quinn,1610612748,MIA,24.0,60,0.183,1339.6083333333331,158,373,0.424,64,159,0.403,85,98,0.867,11,107,118,178,55,46,4,17,90,95,465,-164,0,0
2404,Chris Wilcox,1610612760,SEA,25.0,62,0.258,1738.695,334,638,0.524,0,3,0.0,160,248,0.645,126,307,433,74,103,46,36,47,174,207,828,-184,17,0
101236,Chuck Hayes,1610612745,HOU,25.0,79,0.658,1575.275,113,221,0.511,0,3,0.0,11,24,0.458,132,295,427,91,62,85,43,17,212,36,237,207,0,0
201147,Corey Brewer,1610612750,MIN,22.0,79,0.266,1802.585,182,486,0.374,7,36,0.194,88,110,0.8,82,210,292,111,89,76,25,34,188,101,459,-321,0,0
1894,Corey Maggette,1610612746,LAC,28.0,70,0.3,2501.7616666666668,458,1000,0.458,78,203,0.384,553,681,0.812,78,316,394,189,195,71,7,62,210,479,1547,-236,6,0
200783,Craig Smith,1610612750,MIN,24.0,77,0.234,1546.545,297,528,0.563,0,9,0.0,133,200,0.665,123,230,353,60,89,36,17,61,217,172,727,-230,1,0
1749,Cuttino Mobley,1610612746,LAC,32.0,77,0.286,2701.7533333333336,377,870,0.433,67,192,0.349,163,199,0.819,50,225,275,202,123,78,34,39,152,175,984,-439,1,0
201161,Daequan Cook,1610612748,MIA,21.0,59,0.153,1440.675,196,514,0.381,79,238,0.332,47,57,0.825,20,157,177,75,63,23,9,29,157,46,518,-309,0,0
2863,Damien Wilkins,1610612760,SEA,28.0,76,0.237,1843.45,271,673,0.403,50,155,0.323,106,144,0.736,72,173,245,150,89,62,19,35,128,123,698,-445,0,0
1800,Damon Jones,1610612739,CLE,31.0,67,0.522,1336.1066666666666,151,363,0.416,115,276,0.417,20,28,0.714,5,67,72,126,36,19,1,8,66,23,437,62,0,0
757,Damon Stoudamire,1610612759,SAS,34.0,60,0.517,1037.305,120,337,0.356,50,149,0.336,27,34,0.794,20,98,118,165,80,30,2,21,76,40,317,-90,0,0
2424,Dan Dickau,1610612746,LAC,29.0,67,0.224,1039.5566666666666,124,296,0.419,36,108,0.333,68,82,0.829,13,84,97,172,55,32,3,5,108,75,352,-69,0,0
200789,Daniel Gibson,1610612739,CLE,22.0,58,0.552,1765.46,201,465,0.432,118,268,0.44,85,105,0.81,30,104,134,145,76,47,14,25,163,91,605,95,0,0
101122,Danny Granger,1610612754,IND,25.0,80,0.425,2875.64,537,1205,0.446,171,423,0.404,322,378,0.852,93,393,486,166,171,95,84,60,290,279,1567,-153,7,0
2443,Darius Songaila,1610612764,WAS,30.0,80,0.525,1554.1616666666666,214,467,0.458,0,2,0.0,67,73,0.918,81,190,271,135,86,53,16,28,181,79,495,21,0,0
2545,Darko Milicic,1610612763,MEM,23.0,70,0.271,1663.2033333333334,219,500,0.438,0,1,0.0,67,121,0.554,127,297,424,58,101,32,114,39,185,111,505,-296,11,0
101135,David Lee,1610612752,NYK,25.0,81,0.272,2355.76,341,618,0.552,0,2,0.0,194,237,0.819,242,482,724,95,97,55,29,79,210,185,876,-244,23,0
2561,David West,1610612740,NOH,27.0,76,0.684,2869.555,629,1305,0.482,6,25,0.24,300,353,0.85,180,495,675,177,165,62,99,76,208,303,1564,409,29,0
2205,DeSagana Diop,1610612751,NJN,26.0,79,0.557,1295.535,94,180,0.522,0,0,0.0,38,70,0.543,160,232,392,40,58,26,88,16,146,70,226,66,1,0
2052,DeShawn Stevenson,1610612764,WAS,27.0,82,0.524,2564.075,301,780,0.386,158,413,0.383,157,197,0.797,37,198,235,252,102,65,15,29,110,156,917,113,0,0
2753,Delonte West,1610612739,CLE,24.0,61,0.377,1533.5616666666667,196,475,0.413,48,135,0.356,67,91,0.736,31,162,193,229,117,59,29,33,103,66,507,-84,1,0
965,Derek Fisher,1610612747,LAL,33.0,82,0.695,2248.9266666666667,339,777,0.436,112,276,0.406,166,188,0.883,24,146,170,239,90,86,3,33,188,193,956,321,0,0
101114,Deron Williams,1610612762,UTA,24.0,82,0.659,3058.931666666667,566,1117,0.507,83,210,0.395,330,411,0.803,34,209,243,862,279,90,23,79,200,386,1545,425,52,0
2046,Desmond Mason,1610612749,MIL,30.0,59,0.305,1701.7016666666666,230,477,0.482,0,0,0.0,114,173,0.659,75,181,256,121,83,40,30,28,106,141,574,-168,2,0
2484,Devin Brown,1610612739,CLE,29.0,78,0.564,1762.44,217,531,0.409,45,146,0.308,107,142,0.754,65,198,263,175,99,52,7,39,144,115,586,-43,2,0
2734,Devin Harris,1610612751,NJN,25.0,64,0.578,2022.385,321,693,0.463,56,167,0.335,248,301,0.824,28,145,173,369,161,90,10,43,190,268,946,194,4,0
1717,Dirk Nowitzki,1610612742,DAL,30.0,77,0.636,2768.6483333333335,630,1314,0.479,79,220,0.359,478,544,0.879,95,564,659,266,160,51,71,58,198,426,1817,482,25,1
201187,Dominic McGuire,1610612764,WAS,22.0,70,0.5,695.1433333333333,39,103,0.379,1,6,0.167,14,32,0.438,53,86,139,40,40,20,26,10,76,23,93,-206,0,0
2400,Drew Gooden,1610612741,CHI,26.0,69,0.507,2121.5916666666667,332,740,0.449,0,6,0.0,162,215,0.753,175,415,590,81,122,48,53,59,203,166,826,-112,24,0
2730,Dwight Howard,1610612753,ORL,22.0,82,0.634,3087.7266666666665,583,974,0.599,0,4,0.0,529,897,0.59,279,882,1161,110,263,74,176,72,274,703,1695,481,69,0
2248,Earl Watson,1610612760,SEA,29.0,78,0.244,2269.0616666666665,339,747,0.454,49,132,0.371,111,145,0.766,43,182,225,531,175,69,11,38,158,145,838,-434,7,1
2067,Eddie House,1610612738,BOS,30.0,78,0.795,1480.4633333333334,217,531,0.409,117,298,0.393,33,36,0.917,19,148,167,152,76,59,10,10,114,38,584,278,0,0
2201,Eddy Curry,1610612752,NYK,25.0,59,0.288,1530.16,297,544,0.546,0,0,0.0,187,300,0.623,111,164,275,32,126,14,29,51,157,231,781,-407,2,0
2059,Eduardo Najera,1610612743,DEN,31.0,78,0.615,1663.6983333333333,174,368,0.473,53,147,0.361,63,89,0.708,113,224,337,95,59,69,40,18,199,91,464,315,0,0
2731,Emeka Okafor,1610612766,CHA,25.0,82,0.39,2718.1183333333333,460,860,0.535,0,0,0.0,213,374,0.57,255,621,876,70,164,62,138,102,241,284,1133,-251,39,0
956,Erick Dampier,1610612742,DAL,32.0,72,0.611,1754.985,178,277,0.643,0,0,0.0,84,146,0.575,207,332,539,63,80,24,106,29,226,116,440,168,6,0
101177,Fabricio Oberto,1610612759,SAS,33.0,82,0.683,1643.68,180,296,0.608,0,1,0.0,37,61,0.607,153,277,430,95,51,37,20,17,203,114,397,54,4,0
1922,Francisco Elson,1610612760,SEA,32.0,63,0.556,813.4616666666667,92,236,0.39,0,1,0.0,26,37,0.703,50,150,200,24,47,15,20,22,96,44,210,-118,1,0
101128,Francisco Garcia,1610612758,SAC,26.0,79,0.481,2095.95,348,752,0.463,113,289,0.391,162,208,0.779,52,212,264,128,128,96,50,42,232,207,971,-131,1,0
2410,Fred Jones,1610612752,NYK,29.0,70,0.257,1756.5466666666666,182,432,0.421,74,192,0.385,94,126,0.746,30,140,170,166,78,48,18,19,140,103,532,-260,0,0
2222,Gerald Wallace,1610612766,CHA,25.0,62,0.371,2375.598333333334,408,908,0.449,71,221,0.321,313,428,0.731,58,315,373,216,180,131,58,85,189,352,1200,-113,9,0
201175,Glen Davis,1610612738,BOS,22.0,69,0.812,940.4383333333334,107,221,0.484,0,0,0.0,99,150,0.66,95,113,208,28,65,31,20,29,160,116,313,106,0,0
255,Grant Hill,1610612756,PHX,35.0,70,0.657,2222.096666666667,358,712,0.503,33,104,0.317,170,196,0.867,74,279,353,203,96,65,56,32,153,172,919,318,4,0
101124,Hakim Warrick,1610612763,MEM,25.0,75,0.267,1753.67,328,653,0.502,13,48,0.271,183,260,0.704,123,233,356,53,85,36,28,36,156,202,852,-470,5,0
2045,Hedo Turkoglu,1610612753,ORL,29.0,82,0.634,3026.201666666667,556,1219,0.456,166,415,0.4,324,391,0.829,83,388,471,409,246,74,25,43,244,304,1602,451,8,2
200756,Hilton Armstrong,1610612740,NOH,23.0,65,0.662,732.2533333333333,67,148,0.453,0,0,0.0,44,70,0.629,65,98,163,23,59,15,34,23,130,69,178,-39,0,0
2137,Ime Udoka,1610612759,SAS,30.0,73,0.685,1315.9783333333332,159,375,0.424,61,165,0.37,44,58,0.759,36,192,228,63,58,56,17,22,127,57,423,164,1,0
2747,JR Smith,1610612743,DEN,22.0,74,0.595,1420.97,311,674,0.461,157,390,0.403,128,178,0.719,43,109,152,128,112,62,12,31,144,143,907,200,0,0
1521,Jacque Vaughn,1610612759,SAS,33.0,74,0.662,1139.2383333333332,121,283,0.428,3,10,0.3,61,80,0.763,13,61,74,159,54,23,1,19,97,69,306,29,0,0
2037,Jamal Crawford,1610612752,NYK,28.0,80,0.288,3189.608333333333,570,1391,0.41,176,494,0.356,329,381,0.864,37,170,207,398,192,81,17,51,144,266,1645,-346,0,0
200081,Jamario Moon,1610612761,TOR,28.0,78,0.5,2165.951666666667,279,575,0.485,40,122,0.328,63,85,0.741,92,392,484,90,51,80,108,13,152,84,661,270,3,0
2749,Jameer Nelson,1610612753,ORL,26.0,69,0.609,1960.805,283,603,0.469,64,154,0.416,125,151,0.828,28,215,243,383,141,63,4,33,167,144,755,232,3,0
2592,James Jones,1610612757,POR,27.0,58,0.569,1275.6916666666666,143,327,0.437,91,205,0.444,86,98,0.878,43,118,161,34,28,24,15,8,96,74,463,38,0,0
1899,James Posey,1610612738,BOS,31.0,74,0.811,1821.4466666666667,173,414,0.418,106,279,0.38,93,115,0.809,30,292,322,114,65,72,19,13,182,120,545,193,1,0
2457,Jannero Pargo,1610612740,NOH,28.0,80,0.675,1497.3983333333333,254,652,0.39,65,186,0.349,71,81,0.877,26,104,130,192,93,50,5,30,123,100,644,61,0,0
201162,Jared Dudley,1610612766,CHA,22.0,73,0.397,1383.8166666666666,163,348,0.468,9,41,0.22,87,118,0.737,121,165,286,81,50,55,10,27,128,105,422,-43,4,0
2407,Jared Jeffries,1610612752,NYK,26.0,73,0.274,1324.62,108,270,0.4,4,25,0.16,49,93,0.527,118,125,243,66,64,36,23,16,132,85,269,-75,1,0
101127,Jarrett Jack,1610612757,POR,24.0,82,0.5,2229.41,267,620,0.431,65,190,0.342,215,248,0.867,31,203,234,313,178,61,1,38,129,206,814,-160,3,0
2260,Jarron Collins,1610612762,UTA,29.0,70,0.657,702.3433333333334,36,82,0.439,0,1,0.0,46,74,0.622,40,76,116,37,22,10,6,6,106,93,118,111,0,0
2553,Jarvis Hayes,1610612765,DET,26.0,82,0.72,1287.18,217,504,0.431,73,194,0.376,45,60,0.75,35,143,178,62,47,47,6,20,137,43,552,94,0,0
2215,Jason Collins,1610612763,MEM,29.0,74,0.378,1172.1366666666668,53,113,0.469,0,1,0.0,34,74,0.459,64,114,178,25,48,23,25,11,194,97,140,-152,0,0
2574,Jason Kapono,1610612761,TOR,27.0,81,0.494,1529.746666666667,243,498,0.488,57,118,0.483,37,43,0.86,31,89,120,65,58,34,2,14,131,41,580,20,0,0
467,Jason Kidd,1610612742,DAL,35.0,80,0.488,2905.515,305,793,0.385,119,312,0.381,135,165,0.818,94,506,600,806,266,136,26,22,165,144,864,22,35,13
101131,Jason Maxiell,1610612765,DET,25.0,82,0.72,1767.8333333333333,240,446,0.538,0,1,0.0,171,270,0.633,177,256,433,46,71,21,94,33,183,227,651,207,4,0
2202,Jason Richardson,1610612766,CHA,27.0,82,0.39,3149.31,648,1468,0.441,243,599,0.406,249,331,0.752,80,361,441,258,166,116,57,65,241,268,1788,-227,5,0
201160,Jason Smith,1610612755,PHI,22.0,76,0.5,1106.496666666667,141,310,0.455,4,14,0.286,54,82,0.659,77,153,230,20,48,22,50,35,142,77,340,39,0,0
1891,Jason Terry,1610612742,DAL,30.0,82,0.622,2578.6033333333335,471,1008,0.467,136,363,0.375,191,223,0.857,30,178,208,264,92,88,18,43,170,162,1269,308,0,0
1715,Jason Williams,1610612748,MIA,32.0,67,0.179,1886.2333333333331,211,550,0.384,97,275,0.353,69,80,0.863,12,118,130,307,91,83,5,13,93,67,588,-418,2,0
1902,Jeff Foster,1610612754,IND,31.0,77,0.442,1883.48,205,373,0.55,0,3,0.0,86,145,0.593,264,404,668,129,62,56,32,23,221,143,496,-42,10,0
201145,Jeff Green,1610612760,SEA,21.0,80,0.238,2253.0666666666666,320,749,0.427,21,76,0.276,177,238,0.744,101,278,379,119,158,46,49,51,198,202,838,-508,4,0
711,Jerry Stackhouse,1610612742,DAL,33.0,58,0.672,1412.3583333333331,213,526,0.405,60,184,0.326,132,148,0.892,33,100,133,145,86,28,10,25,82,118,618,62,0,0
201149,Joakim Noah,1610612741,CHI,23.0,74,0.419,1533.715,177,367,0.482,0,1,0.0,134,194,0.691,174,242,416,84,89,68,64,44,173,149,488,-28,8,0
2207,Joe Johnson,1610612737,ATL,27.0,82,0.451,3342.7933333333335,647,1497,0.432,169,444,0.381,316,379,0.834,83,284,367,474,223,84,18,59,168,301,1779,-18,9,0
693,Joe Smith,1610612739,CLE,32.0,77,0.442,1725.805,312,653,0.478,0,3,0.0,154,204,0.755,163,238,401,66,71,34,47,37,186,200,778,-21,6,0
2038,Joel Przybilla,1610612757,POR,28.0,77,0.494,1819.4083333333333,144,250,0.576,0,1,0.0,83,122,0.68,195,454,649,27,95,13,93,35,234,168,371,-103,4,0
101130,Johan Petro,1610612760,SEA,22.0,72,0.25,1310.27,184,439,0.419,0,1,0.0,64,87,0.736,98,272,370,32,73,35,42,24,173,72,432,-287,3,0
2422,John Salmons,1610612758,SAC,28.0,81,0.457,2517.0333333333333,381,799,0.477,39,120,0.325,214,260,0.823,76,273,349,208,170,93,31,87,171,208,1015,-271,6,0
200770,Jordan Farmar,1610612747,LAL,21.0,82,0.695,1689.888333333333,291,631,0.461,114,307,0.371,53,78,0.679,39,144,183,225,108,77,5,21,105,90,749,281,0,0
101181,Jose Calderon,1610612761,TOR,26.0,82,0.5,2483.515,367,707,0.519,79,184,0.429,109,120,0.908,34,202,236,678,126,87,6,29,134,144,922,180,25,0
200767,Josh Boone,1610612751,NJN,23.0,70,0.414,1772.7383333333332,238,434,0.548,0,0,0.0,99,217,0.456,192,317,509,55,68,36,61,48,155,155,575,-152,13,0
2735,Josh Childress,1610612737,ATL,25.0,76,0.434,2274.1033333333335,327,573,0.571,22,60,0.367,222,275,0.807,174,199,373,117,98,71,43,66,129,189,898,-126,3,0
2572,Josh Howard,1610612742,DAL,28.0,76,0.632,2757.151666666666,567,1247,0.455,67,210,0.319,312,384,0.813,120,412,532,164,114,59,32,45,202,300,1513,418,9,0
2694,Josh Powell,1610612746,LAC,25.0,64,0.25,1227.4783333333332,145,315,0.46,0,3,0.0,63,87,0.724,115,216,331,47,65,14,23,27,130,80,353,-323,6,0
2746,Josh Smith,1610612737,ATL,22.0,81,0.457,2873.1666666666665,518,1133,0.457,25,99,0.253,333,469,0.71,161,506,667,272,245,123,227,68,269,381,1394,-36,19,1
2434,Juan Carlos Navarro,1610612763,MEM,28.0,82,0.268,2117.16,308,766,0.402,156,432,0.361,124,146,0.849,34,176,210,177,134,48,1,25,94,158,896,-295,1,0
2416,Kareem Rush,1610612754,IND,27.0,71,0.423,1504.2,228,569,0.401,102,262,0.389,30,42,0.714,19,149,168,89,62,42,19,20,108,57,588,-107,1,0
2586,Keith Bogans,1610612753,ORL,28.0,82,0.634,2197.725,241,588,0.41,148,409,0.362,81,110,0.736,42,224,266,104,53,59,10,25,164,92,711,302,2,0
101235,Kelenna Azubuike,1610612744,GSW,24.0,81,0.593,1732.05,261,587,0.445,71,195,0.364,99,138,0.717,107,217,324,75,58,45,34,44,159,108,692,-6,3,0
2570,Kendrick Perkins,1610612738,BOS,23.0,78,0.795,1911.9566666666667,214,348,0.615,0,1,0.0,114,183,0.623,145,329,474,84,125,31,114,44,242,136,542,499,5,0
2030,Kenyon Martin,1610612743,DEN,30.0,71,0.648,2158.536666666667,376,699,0.538,2,11,0.182,123,212,0.58,105,356,461,90,91,88,85,51,235,141,877,93,10,0
201142,Kevin Durant,1610612760,SEA,19.0,80,0.238,2767.9683333333332,587,1366,0.43,59,205,0.288,391,448,0.873,70,278,348,192,232,78,75,85,122,311,1624,-653,1,0
708,Kevin Garnett,1610612738,BOS,32.0,71,0.803,2327.98,534,990,0.539,0,11,0.0,269,336,0.801,135,520,655,244,138,100,89,30,163,265,1337,737,29,0
2755,Kevin Martin,1610612758,SAC,25.0,61,0.492,2216.1116666666667,417,914,0.456,107,266,0.402,502,578,0.869,48,225,273,129,131,62,5,51,150,379,1443,-28,2,0
2039,Keyon Dooling,1610612753,ORL,28.0,72,0.625,1334.2233333333334,198,423,0.468,22,65,0.338,163,193,0.845,7,94,101,133,61,36,5,30,131,156,581,115,0,0
2550,Kirk Hinrich,1610612741,CHI,27.0,75,0.413,2379.508333333333,330,797,0.414,84,240,0.35,118,142,0.831,28,216,244,452,157,87,19,31,224,155,862,-145,7,1
977,Kobe Bryant,1610612747,LAL,29.0,82,0.695,3192.276666666666,775,1690,0.459,150,415,0.361,623,742,0.84,94,423,517,441,257,151,40,66,227,542,2323,595,20,0
2743,Kris Humphries,1610612761,TOR,23.0,70,0.543,925.0333333333332,161,333,0.483,0,2,0.0,75,124,0.605,90,169,259,28,47,25,28,33,107,110,397,-42,2,0
703,Kurt Thomas,1610612759,SAS,35.0,70,0.457,1584.155,195,396,0.492,0,1,0.0,53,80,0.663,130,377,507,67,46,56,57,18,188,103,443,-72,4,0
2594,Kyle Korver,1610612762,UTA,27.0,75,0.667,1732.71,255,575,0.443,111,296,0.375,119,130,0.915,21,151,172,101,75,42,29,13,192,116,740,234,1,0
200768,Kyle Lowry,1610612763,MEM,22.0,82,0.268,2088.983333333333,256,592,0.432,36,140,0.257,243,348,0.698,41,209,250,296,127,92,22,66,185,299,791,-195,1,0
200746,LaMarcus Aldridge,1610612757,POR,22.0,76,0.461,2648.9133333333334,561,1160,0.484,1,7,0.143,227,298,0.762,220,358,578,122,126,55,94,46,240,252,1350,-14,19,0
1885,Lamar Odom,1610612747,LAL,28.0,77,0.701,2921.2616666666668,417,795,0.525,31,113,0.274,229,328,0.698,197,622,819,273,156,75,72,52,222,250,1094,481,44,1
1716,Larry Hughes,1610612741,CHI,29.0,68,0.5,2020.185,305,801,0.381,67,194,0.345,150,188,0.798,39,191,230,181,116,99,17,55,139,148,827,-178,0,0
2544,LeBron James,1610612739,CLE,23.0,75,0.6,3026.798333333333,794,1642,0.484,113,359,0.315,549,771,0.712,133,459,592,539,255,138,81,61,165,590,2250,138,31,7
2571,Leandro Barbosa,1610612756,PHX,25.0,82,0.671,2420.9616666666666,472,1021,0.462,164,422,0.389,175,213,0.822,40,191,231,216,117,75,18,55,195,196,1283,124,0,0
101132,Linas Kleiza,1610612743,DEN,23.0,79,0.62,1888.86,311,659,0.472,94,277,0.339,164,213,0.77,92,241,333,95,89,44,19,35,181,146,880,242,1,0
101150,Lou Williams,1610612755,PHI,21.0,80,0.488,1862.0266666666664,319,752,0.424,55,153,0.359,227,290,0.783,41,126,167,253,125,81,13,57,130,230,920,4,0,0
2449,Luis Scola,1610612745,HOU,28.0,82,0.671,2023.5783333333336,345,670,0.515,0,3,0.0,157,235,0.668,174,351,525,106,105,60,19,52,235,232,847,168,10,0
2557,Luke Ridnour,1610612760,SEA,27.0,61,0.23,1223.0016666666668,147,368,0.399,21,71,0.296,78,91,0.857,13,81,94,241,80,37,14,21,120,91,393,-164,1,0
2575,Luke Walton,1610612747,LAL,28.0,74,0.689,1729.47,215,478,0.45,28,84,0.333,77,109,0.706,85,206,291,218,100,60,18,35,133,112,535,219,0,0
2736,Luol Deng,1610612741,CHI,23.0,63,0.397,2127.8966666666665,429,896,0.479,8,22,0.364,204,265,0.77,136,258,394,155,120,57,29,64,117,217,1070,-153,6,0
101129,Luther Head,1610612745,HOU,25.0,73,0.63,1378.7516666666668,206,477,0.432,79,225,0.351,66,81,0.815,18,117,135,138,70,44,9,41,75,51,557,130,0,0
2124,Malik Allen,1610612742,DAL,30.0,73,0.466,1095.7383333333332,157,327,0.48,1,2,0.5,23,25,0.92,66,130,196,44,45,19,31,11,149,39,338,-40,0,0
1938,Manu Ginobili,1610612759,SAS,30.0,74,0.689,2299.0816666666665,453,984,0.46,156,389,0.401,380,442,0.86,63,291,354,332,200,109,33,44,173,369,1442,426,5,0
948,Marcus Camby,1610612743,DEN,34.0,79,0.608,2757.725,286,635,0.45,6,20,0.3,143,202,0.708,230,807,1037,259,118,85,285,17,216,188,721,230,30,2
201238,Mario West,1610612737,ATL,24.0,64,0.484,268.9633333333333,21,49,0.429,0,4,0.0,17,26,0.654,26,22,48,13,9,12,4,8,61,20,59,-45,0,0
1548,Mark Blount,1610612748,MIA,32.0,69,0.159,1541.638333333333,238,515,0.462,17,44,0.386,88,138,0.638,69,194,263,41,70,33,34,29,133,126,581,-326,3,0
2060,Marko Jaric,1610612750,MIN,29.0,75,0.267,2188.5066666666667,227,528,0.43,46,127,0.362,121,163,0.742,38,184,222,311,128,97,32,31,180,151,621,-360,3,0
2605,Marquis Daniels,1610612754,IND,27.0,74,0.486,1545.665,241,561,0.43,27,102,0.265,97,139,0.698,66,146,212,137,112,79,18,38,121,122,606,5,0,0
101110,Martell Webster,1610612757,POR,21.0,75,0.507,2132.35,277,656,0.422,123,317,0.388,122,166,0.735,54,242,296,90,83,42,28,19,159,125,799,-87,0,0
101107,Marvin Williams,1610612737,ATL,22.0,80,0.438,2765.326666666667,424,918,0.462,1,10,0.1,336,409,0.822,119,338,457,137,127,81,33,70,225,287,1185,-164,7,0
2440,Matt Barnes,1610612744,GSW,28.0,73,0.575,1413.7666666666669,187,442,0.423,53,181,0.293,59,79,0.747,94,230,324,139,85,48,36,19,159,74,486,0,2,0
2588,Matt Bonner,1610612759,SAS,28.0,68,0.662,852.5566666666666,121,291,0.416,46,137,0.336,38,44,0.864,53,139,192,32,39,14,17,8,111,43,326,82,2,0
2679,Matt Carroll,1610612766,CHA,27.0,80,0.4,2015.865,252,589,0.428,105,241,0.436,111,138,0.804,33,193,226,73,58,46,19,42,187,105,720,-95,0,0
1723,Matt Harpring,1610612762,UTA,32.0,76,0.658,1374.0233333333333,237,474,0.5,2,10,0.2,146,205,0.712,96,144,240,82,95,45,14,33,162,217,622,27,0,0
2230,Maurice Evans,1610612753,ORL,29.0,75,0.613,1720.595,262,545,0.481,81,209,0.388,59,83,0.711,92,126,218,81,40,46,10,43,142,70,664,130,0,0
2246,Mehmet Okur,1610612762,UTA,29.0,72,0.694,2389.7116666666666,374,841,0.445,114,294,0.388,185,230,0.804,132,424,556,145,104,55,29,42,236,159,1047,338,23,0
714,Michael Finley,1610612759,SAS,35.0,82,0.683,2203.875,315,761,0.414,132,357,0.37,64,80,0.8,27,227,254,114,56,29,10,14,93,50,826,220,0,0
2072,Michael Redd,1610612749,MIL,28.0,72,0.292,2702.1283333333336,550,1243,0.442,130,359,0.362,402,490,0.82,85,224,309,247,181,65,13,74,120,370,1632,-369,2,0
2554,Mickael Pietrus,1610612744,GSW,26.0,66,0.606,1315.5716666666667,170,387,0.439,66,183,0.361,66,98,0.673,67,175,242,49,48,66,43,18,200,97,472,21,3,0
2399,Mike Dunleavy,1610612754,IND,27.0,82,0.439,2953.2166666666667,532,1117,0.476,165,389,0.424,336,403,0.834,59,365,424,288,190,86,31,61,208,349,1565,38,5,0
2034,Mike Miller,1610612763,MEM,28.0,70,0.3,2473.9866666666667,414,824,0.502,155,359,0.432,164,212,0.774,51,416,467,240,182,35,16,42,145,171,1147,-253,13,0
1630,Mikki Moore,1610612758,SAC,32.0,82,0.463,2385.201666666667,282,489,0.577,0,2,0.0,134,182,0.736,160,334,494,84,110,35,46,26,310,217,698,-106,6,0
2590,Mo Williams,1610612749,MIL,25.0,66,0.364,2410.0866666666666,441,919,0.48,89,231,0.385,166,194,0.856,37,193,230,419,182,78,10,46,188,206,1137,-337,6,0
101145,Monta Ellis,1610612744,GSW,22.0,81,0.593,3070.895,652,1227,0.531,12,52,0.231,320,417,0.767,133,271,404,315,173,124,27,65,195,347,1636,213,5,0
2050,Morris Peterson,1610612740,NOH,30.0,76,0.684,1795.746666666667,215,516,0.417,113,287,0.394,65,85,0.765,36,170,206,67,41,47,7,13,125,74,608,212,0,0
101126,Nate Robinson,1610612752,NYK,24.0,72,0.278,1882.84,331,782,0.423,97,292,0.332,154,196,0.786,51,171,222,212,103,60,1,27,186,161,913,-147,0,0
1737,Nazr Mohammed,1610612766,CHA,30.0,82,0.476,1649.795,272,528,0.515,0,1,0.0,95,163,0.583,194,300,494,72,101,45,60,44,230,123,639,-217,11,0
2555,Nick Collison,1610612760,SEA,27.0,78,0.244,2222.675,322,641,0.502,0,2,0.0,123,167,0.737,254,476,730,113,118,47,60,66,250,172,767,-358,23,0
201156,Nick Young,1610612764,WAS,23.0,75,0.48,1157.736666666667,210,478,0.439,40,100,0.4,101,124,0.815,23,92,115,63,94,35,7,26,130,102,561,-178,0,0
2200,Pau Gasol,1610612747,LAL,27.0,66,0.485,2350.78,475,890,0.534,4,16,0.25,292,362,0.807,155,398,553,211,124,30,98,57,139,313,1246,217,26,0
200794,Paul Millsap,1610612762,UTA,23.0,82,0.659,1701.7333333333331,253,502,0.504,0,4,0.0,155,229,0.677,167,293,460,81,87,72,73,57,269,179,661,218,4,0
1718,Paul Pierce,1610612738,BOS,30.0,80,0.8,2873.6766666666667,509,1098,0.464,143,365,0.392,409,485,0.843,53,358,411,363,221,101,36,69,200,421,1570,784,7,0
978,Peja Stojakovic,1610612740,NOH,31.0,77,0.688,2711.2816666666668,451,1026,0.44,231,524,0.441,130,140,0.929,64,267,331,96,61,57,10,34,127,93,1263,461,4,0
2047,Quentin Richardson,1610612752,NYK,28.0,65,0.308,1840.986666666667,199,555,0.359,69,214,0.322,60,88,0.682,56,259,315,116,69,44,15,30,153,76,527,-305,1,0
200763,Quincy Douby,1610612758,SAC,24.0,74,0.432,876.49,132,335,0.394,42,122,0.344,48,52,0.923,17,66,83,53,59,30,12,13,80,41,354,-144,0,0
2624,Quinton Ross,1610612746,LAC,27.0,76,0.289,1504.715,131,335,0.391,9,21,0.429,40,60,0.667,54,118,172,88,29,43,33,23,132,61,311,-324,0,0
1747,Rafer Alston,1610612745,HOU,31.0,74,0.689,2525.9283333333333,364,924,0.394,143,407,0.351,98,137,0.715,28,232,260,392,160,98,18,33,139,106,969,328,4,0
1952,Raja Bell,1610612756,PHX,31.0,75,0.64,2646.2433333333333,317,753,0.421,176,439,0.401,79,91,0.868,47,227,274,168,65,54,27,21,220,119,889,369,1,0
200765,Rajon Rondo,1610612738,BOS,22.0,77,0.805,2305.723333333334,351,713,0.492,5,19,0.263,107,175,0.611,78,244,322,393,147,129,13,58,187,184,814,611,4,0
101119,Rashad McCants,1610612750,MIN,23.0,75,0.267,2019.58,428,944,0.453,142,349,0.407,116,155,0.748,50,156,206,162,172,66,18,46,234,141,1114,-117,0,0
1740,Rashard Lewis,1610612753,ORL,28.0,81,0.642,3076.1133333333332,516,1135,0.455,226,553,0.409,218,260,0.838,97,340,437,196,140,99,38,41,214,220,1476,417,1,0
739,Rasheed Wallace,1610612765,DET,33.0,77,0.714,2346.3283333333334,376,870,0.432,112,315,0.356,115,150,0.767,84,427,511,137,86,91,129,15,213,127,979,450,10,0
1725,Rasho Nesterovic,1610612761,TOR,32.0,71,0.493,1486.13,257,467,0.55,1,3,0.333,37,49,0.755,130,212,342,82,60,20,52,28,132,66,552,56,5,0
951,Ray Allen,1610612738,BOS,32.0,73,0.795,2623.535,439,986,0.445,180,452,0.398,215,237,0.907,75,193,268,225,127,65,16,45,147,168,1273,616,1,0
101109,Raymond Felton,1610612766,CHA,24.0,79,0.405,2972.1716666666666,412,997,0.413,56,200,0.28,260,325,0.8,37,199,236,583,213,96,12,65,184,254,1140,-203,17,0
2501,Reggie Evans,1610612755,PHI,28.0,81,0.494,1879.015,152,346,0.439,1,1,1.0,120,257,0.467,224,387,611,65,108,86,8,57,213,223,425,-71,4,0
200764,Renaldo Balkman,1610612752,NYK,23.0,65,0.323,951.9733333333334,91,186,0.489,1,12,0.083,41,95,0.432,83,133,216,40,37,44,30,19,132,70,224,-99,1,0
1888,Richard Hamilton,1610612765,DET,30.0,72,0.722,2424.2383333333332,499,1030,0.484,62,141,0.44,184,221,0.833,75,160,235,299,132,73,10,61,171,198,1244,379,1,0
2210,Richard Jefferson,1610612751,NJN,28.0,82,0.415,3200.2883333333334,619,1328,0.466,77,213,0.362,542,679,0.798,93,249,342,252,199,76,21,76,225,503,1857,-306,2,0
1729,Ricky Davis,1610612748,MIA,28.0,82,0.183,2963.3933333333334,420,971,0.433,135,333,0.405,155,197,0.787,55,298,353,276,191,87,14,46,187,196,1130,-593,4,0
200760,Rodney Carney,1610612755,PHI,24.0,70,0.514,1038.6516666666666,158,392,0.403,38,120,0.317,55,81,0.679,50,99,149,32,34,39,23,11,96,60,409,24,0,0
2427,Roger Mason Jr.,1610612764,WAS,27.0,80,0.525,1707.621666666667,266,600,0.443,130,327,0.398,62,71,0.873,17,113,130,134,69,40,18,13,140,60,724,-42,0,0
200758,Ronnie Brewer,1610612762,UTA,23.0,76,0.645,2087.71,354,634,0.558,11,50,0.22,195,257,0.759,97,121,218,134,69,129,19,50,110,159,914,283,0,0
101179,Ronnie Price,1610612762,UTA,25.0,61,0.705,588.4383333333334,88,204,0.431,26,75,0.347,26,38,0.684,8,38,46,78,30,32,3,10,83,42,228,161,0,0
101142,Ronny Turiaf,1610612747,LAL,25.0,78,0.679,1457.8183333333334,188,397,0.474,0,1,0.0,140,186,0.753,95,211,306,128,72,28,108,35,199,158,516,134,0,0
2767,Royal Ivey,1610612749,MIL,26.0,75,0.293,1436.7216666666666,149,378,0.394,35,107,0.327,85,117,0.726,38,80,118,160,75,45,7,31,166,124,418,-259,0,0
200752,Rudy Gay,1610612763,MEM,21.0,81,0.259,2999.721666666667,625,1355,0.461,134,387,0.346,248,316,0.785,140,359,499,158,190,111,79,50,230,252,1632,-490,10,0
101155,Ryan Gomes,1610612750,MIN,25.0,82,0.268,2433.895,392,857,0.457,59,179,0.33,190,229,0.83,133,342,475,145,96,65,10,47,154,152,1033,-262,9,0
200797,Ryan Hollins,1610612766,CHA,23.0,60,0.383,531.5816666666667,46,94,0.489,0,0,0.0,55,82,0.671,53,54,107,14,25,10,30,14,96,74,147,-37,0,0
2223,Samuel Dalembert,1610612755,PHI,28.0,82,0.488,2724.2883333333334,339,661,0.513,0,1,0.0,186,263,0.707,304,545,849,45,155,40,192,64,269,215,864,10,26,0
2756,Sasha Vujacic,1610612747,LAL,24.0,72,0.681,1279.0733333333333,219,482,0.454,118,270,0.437,76,91,0.835,19,135,154,72,52,36,5,11,107,64,632,144,0,0
201157,Sean Williams,1610612751,NJN,21.0,73,0.384,1278.3083333333334,164,305,0.538,0,0,0.0,81,133,0.609,115,207,322,28,70,28,106,30,193,114,409,-185,2,0
2742,Sebastian Telfair,1610612750,MIN,23.0,60,0.217,1932.743333333333,223,556,0.401,32,114,0.281,78,105,0.743,16,119,135,355,111,59,11,31,171,105,556,-397,2,0
200771,Sergio Rodriguez,1610612757,POR,22.0,72,0.5,627.91,69,196,0.352,17,58,0.293,25,38,0.658,13,45,58,123,53,24,0,16,57,37,180,-104,0,0
2203,Shane Battier,1610612745,HOU,29.0,80,0.675,2906.6766666666667,265,619,0.428,139,369,0.377,75,101,0.743,131,276,407,155,78,77,90,15,196,132,744,338,1,0
406,Shaquille O'Neal,1610612756,PHX,36.0,61,0.41,1748.0666666666666,331,558,0.593,0,0,0.0,170,338,0.503,166,388,554,93,181,32,88,27,228,327,832,6,21,0
1890,Shawn Marion,1610612748,MIA,30.0,63,0.587,2315.1383333333333,400,787,0.508,66,198,0.333,106,150,0.707,136,507,643,138,86,125,85,44,150,112,972,218,32,0
200761,Shawne Williams,1610612754,IND,22.0,65,0.385,966.9566666666668,159,372,0.427,43,137,0.314,76,106,0.717,54,122,176,59,58,26,26,28,132,87,437,-46,1,0
200749,Shelden Williams,1610612758,SAC,24.0,64,0.453,775.99,92,212,0.434,0,2,0.0,71,105,0.676,68,137,205,19,35,22,21,23,110,90,255,-31,2,0
201150,Spencer Hawes,1610612758,SAC,20.0,71,0.465,931.2533333333332,146,318,0.459,4,21,0.19,38,58,0.655,68,162,230,44,56,14,40,20,128,49,334,-99,2,0
1536,Stephen Jackson,1610612744,GSW,30.0,73,0.63,2855.33,488,1204,0.405,182,501,0.363,308,370,0.832,67,251,318,300,197,92,29,65,171,260,1466,206,1,0
2581,Steve Blake,1610612757,POR,28.0,81,0.506,2424.29,261,640,0.408,121,298,0.406,49,64,0.766,31,164,195,413,113,55,4,11,133,86,692,69,3,0
959,Steve Nash,1610612756,PHX,34.0,81,0.679,2779.865,485,962,0.504,179,381,0.47,222,245,0.906,28,254,282,898,295,53,5,25,113,220,1371,548,48,0
2419,Tayshaun Prince,1610612765,DET,28.0,82,0.72,2693.855,421,940,0.448,53,146,0.363,185,241,0.768,109,289,398,268,91,42,33,33,90,182,1080,509,4,0
200757,Thabo Sefolosha,1610612741,CHI,24.0,69,0.391,1435.736666666667,180,421,0.428,29,88,0.33,75,104,0.721,50,205,255,129,93,61,30,23,128,84,464,-101,3,0
201152,Thaddeus Young,1610612755,PHI,20.0,74,0.514,1554.415,264,490,0.539,6,19,0.316,76,103,0.738,120,192,312,58,64,73,8,30,126,96,610,184,0,0
1495,Tim Duncan,1610612759,SAS,32.0,78,0.692,2650.786666666667,585,1178,0.497,0,4,0.0,338,463,0.73,237,644,881,218,178,56,152,105,185,396,1508,422,53,0
1501,Tim Thomas,1610612746,LAC,31.0,63,0.286,1939.7283333333332,291,705,0.413,83,271,0.306,115,153,0.752,62,261,323,171,98,40,29,38,192,126,780,-211,3,0
2754,Tony Allen,1610612738,BOS,26.0,75,0.813,1372.9283333333333,169,389,0.434,18,57,0.316,138,181,0.762,34,134,168,114,109,62,21,32,168,139,494,218,0,0
2225,Tony Parker,1610612759,SAS,26.0,69,0.696,2312.366666666667,515,1043,0.494,17,66,0.258,248,347,0.715,30,191,221,411,164,55,8,68,93,278,1295,344,3,0
1503,Tracy McGrady,1610612745,HOU,29.0,66,0.697,2439.9933333333333,548,1307,0.419,86,295,0.292,245,358,0.684,42,297,339,387,160,68,30,52,91,301,1427,265,5,1
101143,Travis Diener,1610612754,IND,26.0,66,0.424,1356.24,159,430,0.37,74,233,0.318,64,71,0.901,26,89,115,251,55,35,4,7,107,75,456,-52,1,0
2566,Travis Outlaw,1610612757,POR,23.0,82,0.5,2185.765,417,964,0.433,40,101,0.396,218,294,0.741,96,280,376,106,107,59,63,53,173,233,1092,-110,4,0
2239,Trenton Hassell,1610612751,NJN,29.0,63,0.524,773.3783333333333,57,135,0.422,2,9,0.222,7,10,0.7,20,63,83,41,22,13,3,7,90,17,123,-144,0,0
2211,Troy Murphy,1610612754,IND,28.0,75,0.44,2105.673333333333,315,693,0.455,94,236,0.398,192,241,0.797,108,435,543,165,96,49,32,44,217,172,916,-61,10,0
200748,Tyrus Thomas,1610612741,CHI,21.0,74,0.365,1330.243333333333,186,440,0.423,1,6,0.167,129,174,0.741,102,240,342,90,77,48,72,49,170,148,502,-31,6,0
2199,Tyson Chandler,1610612740,NOH,25.0,79,0.684,2782.721666666667,377,605,0.623,0,1,0.0,175,295,0.593,322,606,928,81,136,45,84,38,243,279,929,427,38,0
1713,Vince Carter,1610612751,NJN,31.0,76,0.447,2959.0033333333336,587,1287,0.456,98,273,0.359,350,429,0.816,112,341,453,389,181,93,33,51,241,364,1622,-113,9,0
2209,Vladimir Radmanovic,1610612747,LAL,27.0,65,0.692,1483.2016666666666,198,437,0.453,95,234,0.406,52,65,0.8,56,159,215,123,73,46,12,22,147,56,543,356,2,0
1887,Wally Szczerbiak,1610612739,CLE,31.0,75,0.32,1736.496666666667,311,722,0.431,90,218,0.413,149,175,0.851,34,183,217,104,76,23,12,28,103,161,861,-2,0,0
2584,Willie Green,1610612755,PHI,26.0,74,0.459,1970.015,379,870,0.436,51,179,0.285,112,148,0.757,32,150,182,151,109,54,22,47,119,128,921,0,0,0
201146,Yi Jianlian,1610612749,MIL,20.0,66,0.364,1646.6016666666667,219,520,0.421,6,21,0.286,122,145,0.841,106,238,344,55,90,36,56,56,153,121,566,-233,1,0
2216,Zach Randolph,1610612752,NYK,26.0,69,0.333,2243.96,486,1058,0.459,22,80,0.275,223,289,0.772,184,526,710,140,186,59,16,78,194,259,1217,-275,40,0
2585,Zaza Pachulia,1610612737,ATL,24.0,62,0.452,943.8733333333332,107,245,0.437,0,3,0.0,108,153,0.706,89,159,248,36,69,24,13,22,140,121,322,-49,2,0
980,Zydrunas Ilgauskas,1610612739,CLE,33.0,73,0.562,2221.846666666667,417,879,0.474,0,1,0.0,195,243,0.802,263,419,682,104,135,34,120,41,247,164,1029,57,29,0
